filename,fold,y_true,prob_pos,pred,loss
B_001_003_20230819183447_001_002_000_003.jpg,0,1,0.9979900121688843,1,0.002012015553191304
B_001_003_20230819185843_001_004_000_003.jpg,0,1,0.9979090690612793,1,0.002093149581924081
B_001_003_20230819192526_001_002_000_003.jpg,0,1,0.994788646697998,1,0.00522497808560729
B_001_003_20230819212215_001_004_000_003.jpg,0,1,0.9941415190696716,1,0.005875696428120136
B_001_003_20230819224034_001_003_000_003.jpg,0,1,0.9983793497085571,1,0.0016219568205997348
B_001_003_20230820182354_001_003_000_003.jpg,0,1,0.9981839060783386,1,0.001817719079554081
B_001_003_20230820185843_001_002_000_003.jpg,0,1,0.9941417574882507,1,0.005875459406524897
B_001_003_20230820190055_001_004_000_003.jpg,0,1,0.9941810965538025,1,0.005835875868797302
B_001_003_20230820192407_001_003_000_003.jpg,0,1,0.9852131009101868,1,0.01489728968590498
B_001_003_20230820192657_001_004_000_003.jpg,0,1,0.9943267703056335,1,0.005689379759132862
B_001_003_20230820193253_001_002_000_003.jpg,0,1,0.9980165958404541,1,0.001985365990549326
B_001_003_20230820195320_001_003_000_003.jpg,0,1,0.9715330600738525,1,0.028879977762699127
B_001_003_20230820205522_001_002_000_003.jpg,0,1,0.9918568134307861,1,0.00817654374986887
B_001_003_20230820215020_001_001_000_003.jpg,0,1,0.9980890154838562,1,0.001912789884954691
B_001_003_20230820224902_001_002_000_003.jpg,0,1,0.9976122379302979,1,0.0023906242568045855
B_001_003_20230821182102_001_002_000_003.jpg,0,1,0.9941467046737671,1,0.005870481953024864
B_001_003_20230821184703_001_002_000_003.jpg,0,1,0.9925745725631714,1,0.007453135214745998
B_001_003_20230821190606_001_003_000_003.jpg,0,1,0.997957706451416,1,0.0020443748217076063
B_001_003_20230821190732_001_003_000_003.jpg,0,1,0.9925504922866821,1,0.0074773915112018585
B_001_003_20230821190815_001_001_000_003.jpg,0,1,0.9658899307250977,1,0.03470541909337044
B_001_003_20230821194137_001_002_000_003.jpg,0,1,0.9985376596450806,1,0.0014634147519245744
B_001_003_20230821200648_001_004_000_003.jpg,0,1,0.9951695799827576,1,0.004842102527618408
B_001_003_20230821202832_001_002_000_003.jpg,0,1,0.9928097724914551,1,0.007216222118586302
B_001_003_20230821203706_001_004_000_003.jpg,0,1,0.994499683380127,1,0.005515476688742638
B_001_003_20230821204839_001_003_000_003.jpg,0,1,0.9968359470367432,1,0.0031690397299826145
B_001_003_20230821204839_001_004_000_003.jpg,0,1,0.9971440434455872,1,0.0028600285295397043
B_001_003_20230821225236_001_003_000_003.jpg,0,1,0.9966752529144287,1,0.003330281935632229
B_001_003_20230822183124_001_004_000_003.jpg,0,1,0.9984332919120789,1,0.0015679220668971539
B_001_003_20230822183337_001_003_000_003.jpg,0,1,0.9973078966140747,1,0.002695738337934017
B_001_003_20230822184803_001_003_000_003.jpg,0,1,0.9971292614936829,1,0.0028748870827257633
B_001_003_20230822190652_001_002_000_003.jpg,0,1,0.9663103818893433,1,0.03427019715309143
B_001_003_20230822194612_001_003_000_003.jpg,0,1,0.9932749271392822,1,0.006747792940586805
B_001_003_20230822201225_001_003_000_003.jpg,0,1,0.9935945868492126,1,0.006426027975976467
B_001_003_20230822201433_001_003_000_003.jpg,0,1,0.9966146349906921,1,0.003391112433746457
B_001_003_20230822202319_001_001_000_003.jpg,0,1,0.9962194561958313,1,0.003787725931033492
B_001_003_20230822210525_001_004_000_003.jpg,0,1,0.9952512979507446,1,0.004760005045682192
B_001_003_20230822210608_001_003_000_003.jpg,0,1,0.9593586325645447,1,0.04149029776453972
B_001_003_20230822210731_001_004_000_003.jpg,0,1,0.9984939098358154,1,0.0015072186943143606
B_001_003_20230822210817_001_001_000_003.jpg,0,1,0.9867678284645081,1,0.013320501893758774
B_001_003_20230822211156_001_004_000_003.jpg,0,1,0.9885110855102539,1,0.01155540719628334
B_001_004_20230819183239_001_001_000_003.jpg,0,1,0.9979495406150818,1,0.0020525832660496235
B_001_004_20230819183449_001_001_000_003.jpg,0,1,0.9954760670661926,1,0.004534201696515083
B_001_004_20230819183449_001_003_000_003.jpg,0,1,0.9930030703544617,1,0.007021514233201742
B_001_004_20230819184254_001_004_000_003.jpg,0,1,0.9099282026290894,1,0.09438958764076233
B_001_004_20230819191226_001_001_000_003.jpg,0,1,0.9894738793373108,1,0.010581931099295616
B_001_004_20230819193458_001_004_000_003.jpg,0,1,0.966651439666748,1,0.033917300403118134
B_001_004_20230819203345_001_003_000_003.jpg,0,1,0.9910923838615417,1,0.008947516791522503
B_001_004_20230819203845_001_004_000_003.jpg,0,1,0.9979792237281799,1,0.002022841712459922
B_001_004_20230819205910_001_002_000_003.jpg,0,1,0.9962761402130127,1,0.003730839118361473
B_001_004_20230819214114_001_001_000_003.jpg,0,1,0.9966573715209961,1,0.0033482227008789778
B_001_004_20230819220636_001_003_000_003.jpg,0,1,0.982284665107727,1,0.01787411794066429
B_001_004_20230819221305_001_001_000_003.jpg,0,1,0.9971898198127747,1,0.002814144128933549
B_001_004_20230819222227_001_004_000_003.jpg,0,1,0.9955971837043762,1,0.00441255746409297
B_001_004_20230819222731_001_004_000_003.jpg,0,1,0.9966781139373779,1,0.0033274304587394
B_001_004_20230819223652_001_004_000_003.jpg,0,1,0.9980484247207642,1,0.001953480765223503
B_001_004_20230819225040_001_001_000_003.jpg,0,1,0.9829238057136536,1,0.01722366362810135
B_001_004_20230819225124_001_004_000_003.jpg,0,1,0.9969905614852905,1,0.003013951936736703
B_001_004_20230819225206_001_003_000_003.jpg,0,1,0.9972724318504333,1,0.0027312852907925844
B_001_004_20230820181259_001_002_000_003.jpg,0,1,0.9977307915687561,1,0.0022718114778399467
B_001_004_20230820184039_001_004_000_003.jpg,0,1,0.910021960735321,1,0.09428653866052628
B_001_004_20230820184627_001_004_000_003.jpg,0,1,0.9922838807106018,1,0.007746062707155943
B_001_004_20230820185719_001_003_000_003.jpg,0,1,0.9976624250411987,1,0.0023403179366141558
B_001_004_20230820191605_001_001_000_003.jpg,0,1,0.9935657382011414,1,0.0064550465904176235
B_001_004_20230820192408_001_001_000_003.jpg,0,1,0.9713241457939148,1,0.02909502387046814
B_001_004_20230820193845_001_002_000_003.jpg,0,1,0.9956609606742859,1,0.004348465707153082
B_001_004_20230820201508_001_004_000_003.jpg,0,1,0.9544517993927002,1,0.046618152409791946
B_001_004_20230820221753_001_003_000_003.jpg,0,1,0.9966742992401123,1,0.0033312325831502676
B_001_004_20230821183407_001_001_000_003.jpg,0,1,0.9961826205253601,1,0.0038246591575443745
B_001_004_20230821185249_001_002_000_003.jpg,0,1,0.9968885779380798,1,0.0031162770465016365
B_001_004_20230821202749_001_004_000_003.jpg,0,1,0.9944530129432678,1,0.005562422797083855
B_001_004_20230821203707_001_002_000_003.jpg,0,1,0.9975475668907166,1,0.002455436158925295
B_001_004_20230821210725_001_003_000_003.jpg,0,1,0.9621492624282837,1,0.038585685193538666
B_001_004_20230821223512_001_004_000_003.jpg,0,1,0.9947695136070251,1,0.005244189407676458
B_001_004_20230821224351_001_001_000_003.jpg,0,1,0.9883334040641785,1,0.011735214851796627
B_001_004_20230822184804_001_001_000_003.jpg,0,1,0.9960482716560364,1,0.0039595551788806915
B_001_004_20230822195118_001_001_000_003.jpg,0,1,0.9942318797111511,1,0.005784794222563505
B_001_004_20230822200714_001_001_000_003.jpg,0,1,0.9973402619361877,1,0.0026632812805473804
B_001_004_20230822201858_001_004_000_003.jpg,0,1,0.9920446872711182,1,0.007987108081579208
B_001_004_20230822212248_001_002_000_003.jpg,0,1,0.9908775687217712,1,0.009164293296635151
B_001_004_20230824193216_001_001_000_003.jpg,0,1,0.9979044198989868,1,0.002097788965329528
B_001_004_20230908152003_001_004_000_003.jpg,0,1,0.1310449093580246,0,2.032215118408203
B_001_004_20230912144417_001_001_000_003.jpg,0,1,0.9890074729919434,1,0.011053401976823807
B_001_013_20230819190946_001_003_000_003.jpg,0,1,0.991292417049408,1,0.008745700120925903
B_001_013_20230819191617_001_002_000_003.jpg,0,1,0.9974205493927002,1,0.0025827880017459393
B_001_013_20230819194224_001_004_000_003.jpg,0,1,0.9960970282554626,1,0.003910633735358715
B_001_013_20230819205758_001_002_000_003.jpg,0,1,0.9983616471290588,1,0.0016396900173276663
B_001_013_20230819214211_001_001_000_003.jpg,0,1,0.9973567724227905,1,0.0026467551942914724
B_001_013_20230819225511_001_004_000_003.jpg,0,1,0.994825005531311,1,0.005188452545553446
B_001_013_20230820194245_001_002_000_003.jpg,0,1,0.9943984150886536,1,0.005617308896034956
B_001_013_20230820194410_001_003_000_003.jpg,0,1,0.9960706233978271,1,0.003937113098800182
B_001_013_20230820203027_001_003_000_003.jpg,0,1,0.9977051615715027,1,0.0022975020110607147
B_001_013_20230820205117_001_001_000_003.jpg,0,1,0.9719626307487488,1,0.02843792550265789
B_001_013_20230820213615_001_001_000_003.jpg,0,1,0.9943355917930603,1,0.00568048981949687
B_001_021_20230819183433_001_004_000_003.jpg,0,1,0.9921270608901978,1,0.007904085330665112
B_001_021_20230819183810_001_004_000_003.jpg,0,1,0.9991458654403687,1,0.0008544846205040812
B_001_021_20230819185409_001_004_000_003.jpg,0,1,0.9829646944999695,1,0.017182067036628723
B_001_021_20230819192933_001_003_000_003.jpg,0,1,0.9960293769836426,1,0.003978552762418985
B_001_021_20230819193227_001_004_000_003.jpg,0,1,0.9942418336868286,1,0.005774838384240866
B_001_021_20230819194238_001_001_000_003.jpg,0,1,0.9972359538078308,1,0.002767900936305523
B_001_021_20230819194404_001_004_000_003.jpg,0,1,0.9741222262382507,1,0.026218466460704803
B_001_021_20230819195920_001_002_000_003.jpg,0,1,0.9901635050773621,1,0.009885167703032494
B_001_021_20230819201016_001_001_000_003.jpg,0,1,0.9922990202903748,1,0.007730803452432156
B_001_021_20230819203537_001_004_000_003.jpg,0,1,0.9974063038825989,1,0.002597056096419692
B_001_021_20230819203912_001_004_000_003.jpg,0,1,0.9981948733329773,1,0.0018067717319354415
B_001_021_20230819220157_001_002_000_003.jpg,0,1,0.9955230951309204,1,0.004486969672143459
B_001_021_20230819222630_001_001_000_003.jpg,0,1,0.9977515339851379,1,0.0022509971167892218
B_001_021_20230819223718_001_003_000_003.jpg,0,1,0.9972748160362244,1,0.002728907624259591
B_001_021_20230819223718_001_004_000_003.jpg,0,1,0.9873875975608826,1,0.012692620977759361
B_001_021_20230819224016_001_003_000_003.jpg,0,1,0.9977793097496033,1,0.0022231643088161945
B_001_021_20230819224226_001_004_000_003.jpg,0,1,0.9958634376525879,1,0.004145125392824411
B_001_021_20230903130514_001_002_000_003.jpg,0,1,0.285374253988266,0,1.2539538145065308
B_001_022_20230819182345_001_003_000_003.jpg,0,1,0.9972023963928223,1,0.0028015433344990015
B_001_022_20230819182804_001_003_000_003.jpg,0,1,0.9933789968490601,1,0.006642996799200773
B_001_022_20230819184532_001_001_000_003.jpg,0,1,0.998658299446106,1,0.001342587056569755
B_001_022_20230819184825_001_001_000_003.jpg,0,1,0.993740439414978,1,0.00627926317974925
B_001_022_20230819185032_001_001_000_003.jpg,0,1,0.9935727119445801,1,0.006448058411478996
B_001_022_20230819185536_001_004_000_003.jpg,0,1,0.9974676370620728,1,0.002535582985728979
B_001_022_20230819191210_001_003_000_003.jpg,0,1,0.9960895776748657,1,0.003918114583939314
B_001_022_20230819192341_001_001_000_003.jpg,0,1,0.9955926537513733,1,0.004417067393660545
B_001_022_20230819194745_001_004_000_003.jpg,0,1,0.9965023994445801,1,0.003503733780235052
B_001_022_20230819202823_001_002_000_003.jpg,0,1,0.9444695115089417,1,0.057131897658109665
B_001_022_20230819203116_001_002_000_003.jpg,0,1,0.9962886571884155,1,0.0037182497326284647
B_001_022_20230819203619_001_003_000_003.jpg,0,1,0.9965014457702637,1,0.003504684194922447
B_001_022_20230819210101_001_001_000_003.jpg,0,1,0.9895469546318054,1,0.010508089326322079
B_001_022_20230819211404_001_004_000_003.jpg,0,1,0.9924408197402954,1,0.007587897125631571
B_001_022_20230819211952_001_003_000_003.jpg,0,1,0.9977856874465942,1,0.002216741442680359
B_001_022_20230819221544_001_001_000_003.jpg,0,1,0.9706051349639893,1,0.02983557991683483
B_001_027_20230819184245_001_001_000_003.jpg,0,1,0.9960806965827942,1,0.003927020356059074
B_001_027_20230819185500_001_001_000_003.jpg,0,1,0.9983978867530823,1,0.0016033900901675224
B_001_027_20230819191050_001_004_000_003.jpg,0,1,0.9961779117584229,1,0.0038294093683362007
B_001_027_20230819193023_001_001_000_003.jpg,0,1,0.9978896975517273,1,0.002112539717927575
B_001_027_20230819194120_001_003_000_003.jpg,0,1,0.9979514479637146,1,0.002050679875537753
B_001_027_20230819194542_001_003_000_003.jpg,0,1,0.9921476244926453,1,0.007883387617766857
B_001_027_20230819203754_001_002_000_003.jpg,0,1,0.9949221014976501,1,0.005090846214443445
B_001_027_20230819215701_001_001_000_003.jpg,0,1,0.9837779998779297,1,0.016355030238628387
B_001_027_20230819222554_001_003_000_003.jpg,0,1,0.9868877530097961,1,0.013198980130255222
B_001_027_20230819223940_001_004_000_003.jpg,0,1,0.9956929087638855,1,0.004316418431699276
B_001_027_20230819225403_001_003_000_003.jpg,0,1,0.9359288811683655,1,0.06621578335762024
B_001_027_20230820221616_001_003_000_003.jpg,0,1,0.9532696604728699,1,0.04785746708512306
B_001_027_20230821181209_001_003_000_003.jpg,0,1,0.9949883818626404,1,0.0050241886638104916
B_001_027_20230821213501_001_004_000_003.jpg,0,1,0.9984700083732605,1,0.0015311434399336576
B_001_027_20230821214218_001_001_000_003.jpg,0,1,0.9987371563911438,1,0.0012636542087420821
B_001_027_20230825111912_001_004_000_003.jpg,0,1,0.2600953280925751,0,1.3467071056365967
B_001_027_20230912113347_001_001_000_003.jpg,0,1,0.9907456636428833,1,0.009297408163547516
B_001_027_20230912130135_001_001_000_003.jpg,0,1,0.9822778701782227,1,0.01788102649152279
B_001_028_20230819191135_001_004_000_003.jpg,0,1,0.9968816041946411,1,0.003123288508504629
B_001_028_20230819195931_001_004_000_003.jpg,0,1,0.9919053316116333,1,0.008127591572701931
B_001_028_20230819200649_001_001_000_003.jpg,0,1,0.9951350092887878,1,0.004876861814409494
B_001_028_20230819211622_001_003_000_003.jpg,0,1,0.9949958324432373,1,0.005016715731471777
B_001_028_20230819213728_001_001_000_003.jpg,0,1,0.9963924288749695,1,0.0036140859592705965
B_001_028_20230819221131_001_002_000_003.jpg,0,1,0.9925988912582397,1,0.007428641896694899
B_001_028_20230819223515_001_001_000_003.jpg,0,1,0.9945641756057739,1,0.005450625903904438
B_001_028_20230819224740_001_001_000_003.jpg,0,1,0.9937480688095093,1,0.00627156300470233
B_001_028_20230821115455_001_002_000_003.jpg,0,1,0.27183860540390015,0,1.302546739578247
B_001_028_20230823105529_001_002_000_003.jpg,0,1,0.3576967120170593,0,1.0280698537826538
B_001_028_20230823105625_001_002_000_003.jpg,0,1,0.13457387685775757,0,2.0056419372558594
B_001_028_20230823105656_001_001_000_003.jpg,0,1,0.19453248381614685,0,1.6371562480926514
B_001_028_20230823105707_001_002_000_003.jpg,0,1,0.21713492274284363,0,1.5272363424301147
B_001_028_20230902144649_001_003_000_003.jpg,0,1,0.21233130991458893,0,1.5496073961257935
B_001_028_20230912160629_001_001_000_003.jpg,0,1,0.9549568891525269,1,0.0460890531539917
B_001_003_20230823082835_001_004_000_000.jpg,0,0,0.2521933615207672,0,0.29061082005500793
B_001_003_20230823082924_001_002_000_000.jpg,0,0,0.13609342277050018,0,0.1462906450033188
B_001_003_20230823134318_001_002_000_000.jpg,0,0,0.33141234517097473,0,0.4025877118110657
B_001_003_20230825082123_001_004_000_000.jpg,0,0,0.1627645194530487,0,0.17764991521835327
B_001_003_20230825131745_001_003_000_000.jpg,0,0,0.2370949238538742,0,0.2706216871738434
B_001_003_20230829090024_001_001_000_000.jpg,0,0,0.28396233916282654,0,0.3340224623680115
B_001_003_20230829131553_001_003_000_000.jpg,0,0,0.008139001205563545,0,0.008172287605702877
B_001_004_20230904142118_001_002_000_000.jpg,0,0,0.066709965467453,0,0.0690392330288887
B_001_004_20230910113658_001_004_000_000.jpg,0,0,0.04980698600411415,0,0.051090139895677567
B_001_004_20230910113855_001_004_000_000.jpg,0,0,0.08491493761539459,0,0.08873821049928665
B_001_013_20230901133944_001_003_000_000.jpg,0,0,0.3521896302700043,0,0.43415725231170654
B_001_013_20230910142250_001_004_000_000.jpg,0,0,0.17761573195457458,0,0.19554753601551056
B_001_014_20230831095145_001_001_000_000.jpg,0,0,0.39551615715026855,0,0.5033804178237915
B_001_014_20230908111304_001_003_000_000.jpg,0,0,0.03460503742098808,0,0.0352180190384388
B_001_014_20230908111924_001_001_000_000.jpg,0,0,0.05001606419682503,0,0.05131020396947861
B_001_014_20230909144845_001_001_000_000.jpg,0,0,0.13792186975479126,0,0.1484093964099884
B_001_015_20230831152816_001_004_000_000.jpg,0,0,0.11523894965648651,0,0.12243766337633133
B_001_015_20230902112524_001_003_000_000.jpg,0,0,0.2520489990711212,0,0.29041779041290283
B_001_015_20230909082731_001_004_000_000.jpg,0,0,0.0223202183842659,0,0.022573070600628853
B_001_015_20230909145357_001_002_000_000.jpg,0,0,0.2966766655445099,0,0.35193851590156555
B_001_021_20230910084354_001_001_000_000.jpg,0,0,0.07679782807826996,0,0.07990705966949463
B_001_021_20230910153211_001_001_000_000.jpg,0,0,0.16871914267539978,0,0.1847875714302063
B_001_021_20230910153249_001_002_000_000.jpg,0,0,0.24767106771469116,0,0.28458157181739807
B_001_021_20230910153637_001_004_000_000.jpg,0,0,0.081859290599823,0,0.0854046419262886
B_001_022_20230824102655_001_004_000_000.jpg,0,0,0.30982130765914917,0,0.37080472707748413
B_001_022_20230824103008_001_001_000_000.jpg,0,0,0.3044366240501404,0,0.3630332052707672
B_001_022_20230826154804_001_003_000_000.jpg,0,0,0.13280636072158813,0,0.14249294996261597
B_001_022_20230905081518_001_001_000_000.jpg,0,0,0.1575806438922882,0,0.17147734761238098
B_001_022_20230908133419_001_002_000_000.jpg,0,0,0.26284122467041016,0,0.3049519956111908
B_001_022_20230908134025_001_001_000_000.jpg,0,0,0.13977685570716858,0,0.15056344866752625
B_001_022_20230910084719_001_001_000_000.jpg,0,0,0.1812436729669571,0,0.19996877014636993
B_001_027_20230825112011_001_002_000_000.jpg,0,0,0.12350261211395264,0,0.13182151317596436
B_001_027_20230829112851_001_002_000_000.jpg,0,0,0.27839595079421997,0,0.3262787163257599
B_001_027_20230909110210_001_002_000_000.jpg,0,0,0.1861564815044403,0,0.2059871107339859
B_001_028_20230824110025_001_003_000_000.jpg,0,0,0.17232562601566315,0,0.18913547694683075
B_001_028_20230825164058_001_003_000_000.jpg,0,0,0.3982708156108856,0,0.5079478025436401
B_001_028_20230826164149_001_004_000_000.jpg,0,0,0.1601622849702835,0,0.17454662919044495
B_001_028_20230827163459_001_001_000_000.jpg,0,0,0.4004082679748535,0,0.511506199836731
B_001_028_20230831130614_001_004_000_000.jpg,0,0,0.2981707453727722,0,0.3540651202201843
B_001_028_20230907162943_001_003_000_000.jpg,0,0,0.00573943043127656,0,0.0057559930719435215
C_001_002_20230829145715_001_001_000_000.jpg,0,0,0.002866406226530671,0,0.0028704889118671417
C_001_002_20230829145737_001_001_000_000.jpg,0,0,0.003533251117914915,0,0.0035394898150116205
C_001_005_20230821171650_001_001_000_000.jpg,0,0,0.002527833916246891,0,0.0025310644414275885
C_001_005_20230821171952_001_001_000_000.jpg,0,0,0.0026645141188055277,0,0.0026680370792746544
C_001_005_20230821172456_001_001_000_000.jpg,0,0,0.0022596109192818403,0,0.002262177411466837
C_001_005_20230821172540_001_001_000_000.jpg,0,0,0.002193763153627515,0,0.0021961636375635862
C_001_005_20230821175515_001_001_000_000.jpg,0,0,0.0024783199187368155,0,0.0024813597556203604
C_001_005_20230821181255_001_001_000_000.jpg,0,0,0.002783224219456315,0,0.002787159290164709
C_001_013_20230822164044_001_001_000_000.jpg,0,0,0.002309660892933607,0,0.0023123687133193016
C_001_013_20230822164124_001_001_000_000.jpg,0,0,0.0043549020774662495,0,0.004364370368421078
C_002_002_20230909154257_001_001_000_000.jpg,0,0,0.003124112030491233,0,0.0031289926264435053
C_002_002_20231012092226_001_002_000_000.jpg,0,0,0.003625931218266487,0,0.003632496576756239
C_002_002_20231012093047_001_002_000_000.jpg,0,0,0.003380033653229475,0,0.003385766176506877
C_002_002_20231012095434_001_002_000_000.jpg,0,0,0.005860505625605583,0,0.0058777108788490295
C_002_002_20231012111907_001_002_000_000.jpg,0,0,0.004110997077077627,0,0.004119482357054949
C_002_002_20231012133834_001_002_000_000.jpg,0,0,0.004338023252785206,0,0.004347516223788261
C_002_002_20231012142600_001_002_000_000.jpg,0,0,0.0040406170301139355,0,0.004048842005431652
C_002_002_20231012143034_001_002_000_000.jpg,0,0,0.003799397498369217,0,0.003806608496233821
C_002_002_20231012143424_001_002_000_000.jpg,0,0,0.006606580223888159,0,0.006628549657762051
C_002_002_20231012154244_001_002_000_000.jpg,0,0,0.0036318725906312466,0,0.003638435387983918
C_002_002_20231012161523_001_002_000_000.jpg,0,0,0.0047432975843548775,0,0.004754547495394945
C_002_002_20231012161738_001_002_000_000.jpg,0,0,0.003787650028243661,0,0.003794851480051875
C_002_002_20231012161941_001_002_000_000.jpg,0,0,0.003690606215968728,0,0.003697465406730771
C_002_004_20230821191947_001_001_000_000.jpg,0,0,0.0028605367988348007,0,0.0028646644204854965
C_002_026_20230826160733_001_001_000_000.jpg,0,0,0.005825208965688944,0,0.0058422754518687725
C_002_026_20230826164907_001_001_000_000.jpg,0,0,0.0075359344482421875,0,0.007564472034573555
C_002_027_20230826172400_001_001_000_000.jpg,0,0,0.004876511637121439,0,0.004888487514108419
C_002_027_20230826172608_001_001_000_000.jpg,0,0,0.002828225726261735,0,0.0028322129510343075
C_003_003_20230827152345_001_003_000_000.jpg,0,0,0.0040391287766397,0,0.004047298803925514
C_003_003_20230827152628_001_003_000_000.jpg,0,0,0.0038987246807664633,0,0.00390635896474123
C_003_003_20230829161404_001_003_000_000.jpg,0,0,0.002852418925613165,0,0.0028564624954015017
C_003_003_20230904152616_001_003_000_000.jpg,0,0,0.002422615187242627,0,0.0024255875032395124
C_003_003_20230904155518_001_003_000_000.jpg,0,0,0.0030357767827808857,0,0.0030403363052755594
C_003_003_20230904160809_001_003_000_000.jpg,0,0,0.002716581802815199,0,0.0027202290948480368
C_003_003_20230904171936_001_003_000_000.jpg,0,0,0.0030494274105876684,0,0.0030541226733475924
C_003_003_20230912135900_001_003_000_000.jpg,0,0,0.0026343083009123802,0,0.002637838013470173
C_003_003_20230912140142_001_003_000_000.jpg,0,0,0.003102888585999608,0,0.003107720520347357
C_003_003_20230912150829_001_003_000_000.jpg,0,0,0.0029314947314560413,0,0.0029357452876865864
C_004_006_20230824075645_001_004_000_000.jpg,0,0,0.0032571586780250072,0,0.0032624374143779278
C_004_006_20230825181727_001_004_000_000.jpg,0,0,0.0028483299538493156,0,0.002852421021088958
C_004_006_20230828085128_001_004_000_000.jpg,0,0,0.0033698121551424265,0,0.0033755486365407705
C_004_006_20230904174029_001_004_000_000.jpg,0,0,0.00342125678434968,0,0.0034271099139004946
C_004_006_20230906162831_001_004_000_000.jpg,0,0,0.005061292555183172,0,0.005074122920632362
C_004_006_20230908160411_001_004_000_000.jpg,0,0,0.0029371853452175856,0,0.002941450336948037
C_004_006_20230908170408_001_004_000_000.jpg,0,0,0.0034593904856592417,0,0.0034653632901608944
C_004_006_20230910153213_001_004_000_000.jpg,0,0,0.002385926665738225,0,0.002388721564784646
C_004_006_20230912155425_001_004_000_000.jpg,0,0,0.0032984567806124687,0,0.003303905250504613
C_006_011_20230827172315_001_006_000_000.jpg,0,0,0.002908309455960989,0,0.0029125672299414873
C_006_011_20230830065228_001_006_000_000.jpg,0,0,0.003628430189564824,0,0.003634990891441703
C_006_011_20230831145112_001_006_000_000.jpg,0,0,0.002686773892492056,0,0.0026903883554041386
C_006_011_20230902164018_001_006_000_000.jpg,0,0,0.0026250442024320364,0,0.002628445392474532
C_006_011_20230903074114_001_006_000_000.jpg,0,0,0.0020986441522836685,0,0.002100881887599826
C_006_011_20230904154859_001_006_000_000.jpg,0,0,0.003643933217972517,0,0.0036505504976958036
C_006_011_20230904161119_001_006_000_000.jpg,0,0,0.0030398056842386723,0,0.0030443770810961723
C_008_016_20230825180830_001_008_000_000.jpg,0,0,0.00428564939647913,0,0.004294815473258495
C_008_016_20230904144733_001_008_000_000.jpg,0,0,0.002639021025970578,0,0.0026424750685691833
C_008_016_20230908160809_001_008_000_000.jpg,0,0,0.0027252379804849625,0,0.002728907624259591
C_008_016_20230908194332_001_008_000_000.jpg,0,0,0.0019854221027344465,0,0.0019873883575201035
C_008_016_20230910164031_001_008_000_000.jpg,0,0,0.0024431298952549696,0,0.002446160651743412
C_009_018_20230827161240_001_009_000_000.jpg,0,0,0.003938019275665283,0,0.003945781383663416
C_009_018_20230902151804_001_009_000_000.jpg,0,0,0.003263747552409768,0,0.0032690914813429117
C_009_018_20230907080358_001_009_000_000.jpg,0,0,0.00258873519487679,0,0.002592062344774604
C_009_018_20230908172734_001_009_000_000.jpg,0,0,0.0030959786381572485,0,0.0031008278019726276
C_009_018_20230912142048_001_009_000_000.jpg,0,0,0.0032990151084959507,0,0.003304499201476574
C_009_018_20230912160822_001_009_000_000.jpg,0,0,0.0032385955564677715,0,0.003243901301175356
C_009_020_20230827151913_001_009_000_000.jpg,0,0,0.002685436513274908,0,0.0026890805456787348
C_009_020_20230827175922_001_009_000_000.jpg,0,0,0.0047402638010680676,0,0.004751581232994795
C_009_020_20230829134758_001_009_000_000.jpg,0,0,0.0026987020391970873,0,0.0027023961301892996
C_009_020_20230829155422_001_009_000_000.jpg,0,0,0.003390340832993388,0,0.003396102227270603
C_009_020_20230831141322_001_009_000_000.jpg,0,0,0.0025002609472721815,0,0.0025033585261553526
C_009_020_20230902155721_001_009_000_000.jpg,0,0,0.0031989584676921368,0,0.003204094711691141
C_009_020_20230906173439_001_009_000_000.jpg,0,0,0.002685035578906536,0,0.0026886051055043936
C_009_020_20230912143844_001_009_000_000.jpg,0,0,0.003179603023454547,0,0.0031847255304455757
C_010_023_20230827161003_001_010_000_000.jpg,0,0,0.003807231318205595,0,0.003814446274191141
C_010_023_20230827170100_001_010_000_000.jpg,0,0,0.0037595226895064116,0,0.00376658677123487
C_010_023_20230827174700_001_010_000_000.jpg,0,0,0.003200345207005739,0,0.0032055205665528774
C_010_023_20230829143457_001_010_000_000.jpg,0,0,0.0029764214996248484,0,0.0029809109400957823
C_010_023_20230831154905_001_010_000_000.jpg,0,0,0.0038455126341432333,0,0.0038529224693775177
C_010_023_20230904150743_001_010_000_000.jpg,0,0,0.0028572443407028913,0,0.0028613361064344645
C_010_023_20230904162229_001_010_000_000.jpg,0,0,0.0033667597454041243,0,0.0033724596723914146
C_010_023_20230910153647_001_010_000_000.jpg,0,0,0.0024620150215923786,0,0.0024650683626532555
C_010_023_20230912132715_001_010_000_000.jpg,0,0,0.002953893505036831,0,0.0029582094866782427
C_010_023_20230912142226_001_010_000_000.jpg,0,0,0.003014027839526534,0,0.003018587129190564
C_010_024_20230906180935_001_010_000_000.jpg,0,0,0.0033005003351718187,0,0.0033059250563383102
C_010_024_20230910145410_001_010_000_000.jpg,0,0,0.0024137627333402634,0,0.0024166684597730637
C_011_025_20230831142801_001_011_000_000.jpg,0,0,0.0030873094219714403,0,0.0030920335557311773
C_011_025_20230831145352_001_011_000_000.jpg,0,0,0.0029623412992805243,0,0.0029667671769857407
C_011_025_20230831163725_001_011_000_000.jpg,0,0,0.00276626693084836,0,0.0027700408827513456
C_011_025_20230831164736_001_011_000_000.jpg,0,0,0.0028643873520195484,0,0.00286846817471087
C_011_025_20230902151844_001_011_000_000.jpg,0,0,0.0024974001571536064,0,0.002500504720956087
C_011_025_20230904144624_001_011_000_000.jpg,0,0,0.002714949194341898,0,0.0027186835650354624
C_011_025_20230906173826_001_011_000_000.jpg,0,0,0.003091065678745508,0,0.0030958366114646196
C_011_025_20230908153435_001_011_000_000.jpg,0,0,0.003029150888323784,0,0.0030337998177856207
C_012_028_20230826083905_001_012_000_000.jpg,0,0,0.0030526388436555862,0,0.0030573313124477863
C_012_028_20230829151953_001_012_000_000.jpg,0,0,0.005041712429374456,0,0.005054434295743704
C_012_028_20230904165149_001_012_000_000.jpg,0,0,0.0031156232580542564,0,0.0031204363331198692
C_012_028_20230906181336_001_012_000_000.jpg,0,0,0.004116506315767765,0,0.004124943632632494
B_001_007_20230903092632_001_004_000_003.jpg,1,1,0.5767138004302979,1,0.5504091382026672
B_001_007_20230903093414_001_004_000_003.jpg,1,1,0.999832034111023,1,0.0001679517881711945
B_001_007_20230912114450_001_001_000_003.jpg,1,1,0.9997819066047668,1,0.0002181292074965313
B_001_012_20230820221008_001_004_000_003.jpg,1,1,0.9999555349349976,1,4.446407547220588e-05
B_001_012_20230820225422_001_004_000_003.jpg,1,1,0.9999243021011353,1,7.56950321374461e-05
B_001_012_20230821180805_001_004_000_003.jpg,1,1,0.9999383687973022,1,6.16293036728166e-05
B_001_012_20230821181145_001_002_000_003.jpg,1,1,0.999966025352478,1,3.397406908334233e-05
B_001_012_20230821185940_001_002_000_003.jpg,1,1,0.9999233484268188,1,7.664863369427621e-05
B_001_012_20230821191717_001_001_000_003.jpg,1,1,0.9994908571243286,1,0.0005092516075819731
B_001_012_20230821192346_001_004_000_003.jpg,1,1,0.9999761581420898,1,2.3841574147809297e-05
B_001_012_20230821194109_001_004_000_003.jpg,1,1,0.9994586110115051,1,0.0005415403284132481
B_001_012_20230821203719_001_001_000_003.jpg,1,1,0.9996032118797302,1,0.0003968881501350552
B_001_012_20230821211028_001_001_000_003.jpg,1,1,0.9998462200164795,1,0.00015376816736534238
B_001_012_20230821211028_001_002_000_003.jpg,1,1,0.9999617338180542,1,3.8265450712060556e-05
B_001_012_20230821221039_001_004_000_003.jpg,1,1,0.9996881484985352,1,0.00031192204914987087
B_001_012_20230821224154_001_002_000_003.jpg,1,1,0.9999089241027832,1,9.107174992095679e-05
B_001_012_20230821224827_001_003_000_003.jpg,1,1,0.9999384880065918,1,6.151010165922344e-05
B_001_012_20230822180827_001_002_000_003.jpg,1,1,0.9998687505722046,1,0.00013124081306159496
B_001_012_20230822202629_001_002_000_003.jpg,1,1,0.9999614953994751,1,3.85038583772257e-05
B_001_012_20230822210200_001_003_000_003.jpg,1,1,0.9999293088912964,1,7.068861305015162e-05
B_001_012_20230822211756_001_001_000_003.jpg,1,1,0.9989294409751892,1,0.0010711177019402385
B_001_018_20230819182714_001_004_000_003.jpg,1,1,0.9984138011932373,1,0.0015874415403231978
B_001_018_20230819183849_001_003_000_003.jpg,1,1,0.9999322891235352,1,6.770858453819528e-05
B_001_018_20230819184527_001_004_000_003.jpg,1,1,0.9998449087142944,1,0.00015507926582358778
B_001_018_20230819185152_001_004_000_003.jpg,1,1,0.9999487400054932,1,5.125868119648658e-05
B_001_018_20230819185613_001_001_000_003.jpg,1,1,0.9998345375061035,1,0.00016544880054425448
B_001_018_20230819193854_001_001_000_003.jpg,1,1,0.999957799911499,1,4.2199197196168825e-05
B_001_018_20230819212154_001_001_000_003.jpg,1,1,0.9997751116752625,1,0.00022492263815365732
B_001_018_20230819223043_001_001_000_003.jpg,1,1,0.9999275207519531,1,7.247662142617628e-05
B_001_018_20230819223756_001_002_000_003.jpg,1,1,0.9999231100082397,1,7.688703772146255e-05
B_001_018_20230819224138_001_002_000_003.jpg,1,1,0.9975994229316711,1,0.0024034681264311075
B_001_018_20230819225351_001_002_000_003.jpg,1,1,0.9997828602790833,1,0.00021717573690693825
B_001_018_20230819225351_001_003_000_003.jpg,1,1,0.9999442100524902,1,5.578839045483619e-05
B_001_018_20230819225648_001_002_000_003.jpg,1,1,0.9983993172645569,1,0.0016019619069993496
B_001_018_20230821195335_001_004_000_003.jpg,1,1,0.9997914433479309,1,0.00020859450160060078
B_001_018_20230912153845_001_001_000_003.jpg,1,1,0.9998655319213867,1,0.00013445904187392443
B_001_026_20230819184200_001_003_000_003.jpg,1,1,0.9999253749847412,1,7.462222856702283e-05
B_001_026_20230819191804_001_001_000_003.jpg,1,1,0.9999291896820068,1,7.080780778778717e-05
B_001_026_20230819200304_001_002_000_003.jpg,1,1,0.9999507665634155,1,4.9232225137529895e-05
B_001_026_20230819204424_001_003_000_003.jpg,1,1,0.9998503923416138,1,0.00014959646796341985
B_001_026_20230819205732_001_001_000_003.jpg,1,1,0.9999558925628662,1,4.410646579344757e-05
B_001_026_20230819224652_001_003_000_003.jpg,1,1,0.9997822642326355,1,0.0002177716523874551
B_001_026_20230819225615_001_001_000_003.jpg,1,1,0.9999434947967529,1,5.6503606174374e-05
B_001_026_20230820191136_001_003_000_003.jpg,1,1,0.9999268054962158,1,7.319182623177767e-05
B_001_026_20230820192607_001_001_000_003.jpg,1,1,0.9999629259109497,1,3.707340147229843e-05
B_001_026_20230820192649_001_001_000_003.jpg,1,1,0.9998189806938171,1,0.00018106251081917435
B_001_026_20230820194637_001_001_000_003.jpg,1,1,0.9998323917388916,1,0.00016759421851020306
B_001_026_20230820195606_001_002_000_003.jpg,1,1,0.9998261332511902,1,0.00017391123401466757
B_001_026_20230820200449_001_002_000_003.jpg,1,1,0.9999243021011353,1,7.56950321374461e-05
B_001_026_20230820211155_001_002_000_003.jpg,1,1,0.9999264478683472,1,7.354942499659956e-05
B_001_026_20230820211155_001_004_000_003.jpg,1,1,0.999908447265625,1,9.154854342341423e-05
B_001_026_20230820212749_001_004_000_003.jpg,1,1,0.9998924732208252,1,0.00010752100206445903
B_001_026_20230820213553_001_001_000_003.jpg,1,1,0.9999359846115112,1,6.401333666872233e-05
B_001_026_20230912113334_001_001_000_003.jpg,1,1,0.9997256398200989,1,0.0002743821241892874
B_001_030_20230819211040_001_001_000_003.jpg,1,1,0.9999381303787231,1,6.186770770000294e-05
B_001_030_20230820182600_001_001_000_003.jpg,1,1,0.9997835755348206,1,0.00021646064124070108
B_001_030_20230820184246_001_001_000_003.jpg,1,1,0.9999126195907593,1,8.737658936297521e-05
B_001_030_20230820192238_001_001_000_003.jpg,1,1,0.9999598264694214,1,4.017272294731811e-05
B_001_030_20230820193335_001_001_000_003.jpg,1,1,0.9996919631958008,1,0.0003081085451412946
B_001_030_20230820220406_001_001_000_003.jpg,1,1,0.9999253749847412,1,7.462222856702283e-05
B_001_030_20230820225406_001_001_000_003.jpg,1,1,0.9999507665634155,1,4.9232225137529895e-05
B_001_030_20230912161003_001_001_000_003.jpg,1,1,0.9996156692504883,1,0.0003843760641757399
B_001_030_20230912161011_001_001_000_003.jpg,1,1,0.9996391534805298,1,0.00036090059438720345
C_001_023_20230901164732_001_001_000_003.jpg,1,1,0.9997686743736267,1,0.00023135847004596144
C_001_023_20230903112915_001_001_000_003.jpg,1,1,0.9998694658279419,1,0.00013052565918769687
C_001_023_20230904132523_001_001_000_003.jpg,1,1,0.999758780002594,1,0.00024125049822032452
C_001_023_20230904133037_001_001_000_003.jpg,1,1,0.9998424053192139,1,0.00015758226800244302
C_001_023_20230904133045_001_001_000_003.jpg,1,1,0.999855637550354,1,0.00014435203047469258
C_001_023_20230904133213_001_001_000_003.jpg,1,1,0.9993256330490112,1,0.000674616196192801
C_002_003_20230819140236_001_001_000_003.jpg,1,1,0.020910929888486862,0,3.867483377456665
C_002_003_20230819140239_001_001_000_003.jpg,1,1,0.02135678008198738,0,3.846385955810547
C_002_023_20230821193016_001_001_000_003.jpg,1,1,0.9998952150344849,1,0.00010477947944309562
C_002_023_20230821193632_001_001_000_003.jpg,1,1,0.9984760880470276,1,0.0015250729629769921
B_001_007_20230826090335_001_001_000_000.jpg,1,0,0.9986110925674438,1,6.5792765617370605
B_001_007_20230906083655_001_003_000_000.jpg,1,0,0.029434602707624435,0,0.02987653762102127
B_001_007_20230906151913_001_001_000_000.jpg,1,0,2.1481992007466033e-06,0,2.145764938177308e-06
B_001_007_20230906152056_001_004_000_000.jpg,1,0,0.00020219442376401275,0,0.00020215852418914437
B_001_010_20230826135654_001_003_000_000.jpg,1,0,0.0007622830453328788,0,0.0007625294383615255
B_001_010_20230829140515_001_004_000_000.jpg,1,0,1.0445788575452752e-05,0,1.0490362910786644e-05
B_001_010_20230906091357_001_003_000_000.jpg,1,0,5.468351105264446e-07,0,5.960462772236497e-07
B_001_010_20230910140224_001_003_000_000.jpg,1,0,0.00023359620536211878,0,0.00023362292267847806
B_001_012_20230819151849_001_001_000_000.jpg,1,0,5.132927753948024e-07,0,4.768370445162873e-07
B_001_012_20230820115323_001_002_000_000.jpg,1,0,4.0602894841867965e-06,0,4.0531076592742465e-06
B_001_012_20230824141239_001_002_000_000.jpg,1,0,2.050442873269276e-07,0,2.3841855067985307e-07
B_001_012_20230826143225_001_002_000_000.jpg,1,0,9.216314538207371e-07,0,9.536738616588991e-07
B_001_012_20230826143225_001_003_000_000.jpg,1,0,1.5716594134573825e-05,0,1.5735502529423684e-05
B_001_012_20230901132221_001_003_000_000.jpg,1,0,0.00032790799741633236,0,0.0003280101518612355
B_001_012_20230904153959_001_003_000_000.jpg,1,0,0.0006152425776235759,0,0.000615407363511622
B_001_012_20230907142616_001_001_000_000.jpg,1,0,3.357331661391072e-05,0,3.361645576660521e-05
B_001_012_20230907142834_001_004_000_000.jpg,1,0,4.6600744099123403e-05,0,4.660974445869215e-05
B_001_012_20230907142940_001_001_000_000.jpg,1,0,0.001000385731458664,0,0.0010008569806814194
B_001_012_20230908105653_001_002_000_000.jpg,1,0,3.9549027860630304e-05,0,3.957670196541585e-05
B_001_012_20230908163635_001_001_000_000.jpg,1,0,0.005675916094332933,0,0.005692106205970049
B_001_012_20230909142748_001_004_000_000.jpg,1,0,1.3293412848724984e-05,0,1.3351351299206726e-05
B_001_018_20230826103249_001_003_000_000.jpg,1,0,2.5949606197173125e-07,0,2.3841855067985307e-07
B_001_018_20230826152230_001_001_000_000.jpg,1,0,1.2995795259485021e-05,0,1.2993727978027891e-05
B_001_018_20230827100708_001_003_000_000.jpg,1,0,4.943688963976456e-06,0,4.887569048150908e-06
B_001_018_20230827151426_001_001_000_000.jpg,1,0,5.189999228605302e-06,0,5.245195097813848e-06
B_001_018_20230827151808_001_004_000_000.jpg,1,0,0.07166989892721176,0,0.07436789572238922
B_001_018_20230830131904_001_004_000_000.jpg,1,0,0.9993889331817627,1,7.400245189666748
B_001_018_20230909085843_001_004_000_000.jpg,1,0,0.006784738041460514,0,0.00680782413110137
B_001_026_20230904131603_001_002_000_000.jpg,1,0,0.28486618399620056,0,0.3352855443954468
B_001_026_20230905103502_001_004_000_000.jpg,1,0,0.3201165199279785,0,0.38583388924598694
B_001_026_20230905103507_001_002_000_000.jpg,1,0,0.196334570646286,0,0.21857227385044098
B_001_026_20230905103704_001_004_000_000.jpg,1,0,0.0014299510512501001,0,0.001430917764082551
B_001_026_20230905103906_001_004_000_000.jpg,1,0,0.005430158693343401,0,0.00544493505731225
B_001_030_20230905135551_001_001_000_000.jpg,1,0,3.402642505534459e-06,0,3.4570634852570947e-06
B_001_030_20230906141225_001_004_000_000.jpg,1,0,0.00018350561731494963,0,0.00018356545479036868
B_001_030_20230910104623_001_001_000_000.jpg,1,0,0.03844505175948143,0,0.039203595370054245
C_001_006_20230822163518_001_001_000_000.jpg,1,0,1.0021966772910673e-05,0,1.0013530300057027e-05
C_001_018_20230826160933_001_001_000_000.jpg,1,0,1.793149385775905e-05,0,1.7881233361549675e-05
C_001_018_20230826161023_001_001_000_000.jpg,1,0,0.07452394813299179,0,0.0774470716714859
C_001_018_20230826162125_001_001_000_000.jpg,1,0,9.355523798149079e-05,0,9.357491217087954e-05
C_001_018_20230826162655_001_001_000_000.jpg,1,0,0.00016770086949691176,0,0.0001677133986959234
C_001_018_20230826162705_001_001_000_000.jpg,1,0,5.1318540499778464e-05,0,5.1377883210079744e-05
C_001_018_20230826164937_001_001_000_000.jpg,1,0,2.9150414775358513e-05,0,2.9205850296420977e-05
C_001_018_20231012104840_001_001_000_000.jpg,1,0,0.00015050265938043594,0,0.00015054999676067382
C_001_018_20231012110234_001_001_000_000.jpg,1,0,7.4894069257425144e-06,0,7.510157047363464e-06
C_001_018_20231012111524_001_001_000_000.jpg,1,0,2.1101292077219114e-05,0,2.109982233378105e-05
C_001_018_20231012114428_001_001_000_000.jpg,1,0,0.0007159283850342035,0,0.0007161913090385497
C_001_018_20231012132436_001_001_000_000.jpg,1,0,5.997096741339192e-05,0,5.9960475482512265e-05
C_001_018_20231012134814_001_001_000_000.jpg,1,0,4.096057455171831e-05,0,4.100715523236431e-05
C_001_018_20231012142320_001_001_000_000.jpg,1,0,0.00018780940445140004,0,0.00018785618885885924
C_001_018_20231012143714_001_001_000_000.jpg,1,0,0.0005926275043748319,0,0.0005927712772972882
C_001_018_20231012150622_001_001_000_000.jpg,1,0,0.00013395464338827878,0,0.00013398226292338222
C_001_018_20231012153632_001_001_000_000.jpg,1,0,1.581656761118211e-05,0,1.585470999998506e-05
C_001_018_20231012160316_001_001_000_000.jpg,1,0,0.3544890880584717,0,0.4377131462097168
C_001_018_20231012161804_001_001_000_000.jpg,1,0,0.0012444087769836187,0,0.0012451999355107546
C_001_018_20231012162240_001_001_000_000.jpg,1,0,0.00010499674681341276,0,0.00010501786891836673
C_001_018_20231012164100_001_001_000_000.jpg,1,0,3.413066588109359e-05,0,3.40932747349143e-05
C_001_018_20231012164852_001_001_000_000.jpg,1,0,0.00021487727644853294,0,0.00021491125517059118
C_001_019_20230909155531_001_001_000_000.jpg,1,0,0.00016296700050588697,0,0.0001629458274692297
C_001_019_20231013104650_001_001_000_000.jpg,1,0,2.4587710868217982e-05,0,2.455681169521995e-05
C_001_019_20231013104752_001_001_000_000.jpg,1,0,4.7190027544274926e-05,0,4.7205765440594405e-05
C_001_019_20231013112220_001_001_000_000.jpg,1,0,0.004809805192053318,0,0.004821460228413343
C_001_019_20231013113554_001_001_000_000.jpg,1,0,0.00016241318371612579,0,0.00016246906307060272
C_001_019_20231013114920_001_001_000_000.jpg,1,0,6.621662032557651e-05,0,6.627816765103489e-05
C_001_019_20231013132952_001_001_000_000.jpg,1,0,3.0292643714346923e-05,0,3.0278701160568744e-05
C_001_019_20231013134852_001_001_000_000.jpg,1,0,0.00010500305506866425,0,0.00010501786891836673
C_001_019_20231013135444_001_001_000_000.jpg,1,0,0.00036343897227197886,0,0.00036352223833091557
C_001_019_20231013141058_001_001_000_000.jpg,1,0,2.810025034705177e-05,0,2.8132995794294402e-05
C_001_019_20231013142750_001_001_000_000.jpg,1,0,6.303456029854715e-05,0,6.305972783593461e-05
C_001_019_20231013142908_001_001_000_000.jpg,1,0,4.094316318514757e-05,0,4.088794958079234e-05
C_001_019_20231013144757_001_001_000_000.jpg,1,0,0.0002090121852234006,0,0.0002090712368953973
C_001_019_20231013145309_001_001_000_000.jpg,1,0,1.5069520486576948e-05,0,1.5020257706055418e-05
C_001_019_20231013145841_001_001_000_000.jpg,1,0,0.0005362784140743315,0,0.0005364171229302883
C_001_019_20231013152347_001_001_000_000.jpg,1,0,2.414938535366673e-05,0,2.4199192921514623e-05
C_001_019_20231013160357_001_001_000_000.jpg,1,0,0.00012292928295210004,0,0.00012289722508285195
C_001_019_20231013161221_001_001_000_000.jpg,1,0,2.2172836906975135e-05,0,2.2172682292875834e-05
C_001_019_20231013163521_001_001_000_000.jpg,1,0,1.345530563412467e-05,0,1.3470558769768104e-05
C_001_019_20231013164317_001_001_000_000.jpg,1,0,0.0009315373608842492,0,0.0009320206008851528
C_002_003_20231013081500_001_002_000_000.jpg,1,0,0.00022474526485893875,0,0.00022480344341602176
C_002_003_20231013103401_001_002_000_000.jpg,1,0,0.00012697570491582155,0,0.00012694983161054552
C_002_003_20231013110701_001_002_000_000.jpg,1,0,0.002617544261738658,0,0.0026209547650069
C_002_003_20231013112430_001_002_000_000.jpg,1,0,1.0124195796379354e-05,0,1.0132738680113107e-05
C_002_003_20231013132759_001_002_000_000.jpg,1,0,0.0006594402366317809,0,0.0006596058374270797
C_002_003_20231013145014_001_002_000_000.jpg,1,0,7.80173868406564e-05,0,7.807903602952138e-05
C_002_003_20231013163343_001_002_000_000.jpg,1,0,3.212480805814266e-05,0,3.2066785934148356e-05
C_002_007_20230820094742_001_001_000_000.jpg,1,0,6.778837814636063e-06,0,6.794906312279636e-06
C_002_012_20230828141638_001_001_000_000.jpg,1,0,0.00011806681141024455,0,0.00011812942830147222
C_002_012_20230828143809_001_001_000_000.jpg,1,0,0.00022420399182010442,0,0.00022420754248742014
C_002_012_20230828151757_001_001_000_000.jpg,1,0,3.5375946026761085e-05,0,3.540453326422721e-05
C_002_025_20230826151602_001_001_000_000.jpg,1,0,0.00013184809358790517,0,0.00013183678674977273
C_002_025_20230826153446_001_001_000_000.jpg,1,0,0.00012038245768053457,0,0.00012039413559250534
C_002_025_20230826155212_001_001_000_000.jpg,1,0,0.0001568417064845562,0,0.00015686711412854493
C_003_001_20230831152203_001_003_000_000.jpg,1,0,3.16000387101667e-06,0,3.2186455882765586e-06
C_003_001_20230904151906_001_003_000_000.jpg,1,0,4.909270137432031e-05,0,4.911301948595792e-05
C_003_001_20230904161612_001_003_000_000.jpg,1,0,7.897137038526125e-06,0,7.867782187531702e-06
C_003_001_20230908172303_001_003_000_000.jpg,1,0,8.857735338096973e-06,0,8.821448318485636e-06
C_003_001_20230908173155_001_003_000_000.jpg,1,0,4.894534413324436e-06,0,4.887569048150908e-06
C_003_001_20230910160130_001_003_000_000.jpg,1,0,4.690135938290041e-06,0,4.6491513785440475e-06
C_003_001_20230912143836_001_003_000_000.jpg,1,0,3.3872863696160493e-06,0,3.3378546504536644e-06
C_003_001_20230912151133_001_003_000_000.jpg,1,0,2.405382019787794e-06,0,2.3841830625315197e-06
C_003_001_20230912152046_001_003_000_000.jpg,1,0,2.945706228274503e-06,0,2.9802276912960224e-06
C_004_003_20230831145035_001_004_000_000.jpg,1,0,3.86257988793659e-06,0,3.814689989667386e-06
C_005_008_20230825172041_001_005_000_000.jpg,1,0,1.0022176866186783e-05,0,1.0013530300057027e-05
C_005_008_20230826100415_001_005_000_000.jpg,1,0,6.068559378036298e-05,0,6.067568756407127e-05
C_005_008_20230827175703_001_005_000_000.jpg,1,0,0.0009756195358932018,0,0.0009760859538801014
C_005_008_20230829154347_001_005_000_000.jpg,1,0,4.5094620872987434e-06,0,4.529942543740617e-06
C_005_008_20230831152245_001_005_000_000.jpg,1,0,1.696580966381589e-06,0,1.6689286894688848e-06
C_005_008_20230902163704_001_005_000_000.jpg,1,0,2.2114663806860335e-06,0,2.264974000354414e-06
C_005_008_20230903074840_001_005_000_000.jpg,1,0,1.2400954801705666e-05,0,1.2397689715726301e-05
C_005_008_20230904161438_001_005_000_000.jpg,1,0,1.0986454071826302e-05,0,1.0967194612021558e-05
C_005_008_20230907085106_001_005_000_000.jpg,1,0,4.038548649987206e-05,0,4.0411134250462055e-05
C_005_008_20230908174319_001_005_000_000.jpg,1,0,2.8120250590291107e-06,0,2.861018856492592e-06
C_005_009_20230831162826_001_005_000_000.jpg,1,0,1.4654318647444597e-06,0,1.4305104514278355e-06
C_005_009_20230908164206_001_005_000_000.jpg,1,0,5.018457159167156e-06,0,5.006777428206988e-06
C_005_009_20230908174822_001_005_000_000.jpg,1,0,1.845698534452822e-05,0,1.847726889536716e-05
C_005_009_20230911081343_001_005_000_000.jpg,1,0,1.853719140854082e-06,0,1.9073468138230965e-06
C_005_009_20230912133734_001_005_000_000.jpg,1,0,6.738032425346319e-06,0,6.794906312279636e-06
C_006_012_20230829140159_001_006_000_000.jpg,1,0,4.386539330880623e-06,0,4.410734163684538e-06
C_006_012_20230830062603_001_006_000_000.jpg,1,0,9.438415872864425e-06,0,9.417489309271332e-06
C_006_012_20230906155811_001_006_000_000.jpg,1,0,2.7344619866198627e-06,0,2.7418097943154862e-06
C_006_012_20230906163353_001_006_000_000.jpg,1,0,4.706364961748477e-06,0,4.6491513785440475e-06
C_006_012_20230906170152_001_006_000_000.jpg,1,0,4.1695384425111115e-06,0,4.172316494077677e-06
C_006_012_20230906175043_001_006_000_000.jpg,1,0,4.295186499803094e-06,0,4.291525328881107e-06
C_006_012_20230907064844_001_006_000_000.jpg,1,0,2.2407118649425684e-06,0,2.264974000354414e-06
C_006_012_20230912135645_001_006_000_000.jpg,1,0,1.740943389449967e-06,0,1.7881377516459906e-06
C_006_012_20230912145754_001_006_000_000.jpg,1,0,1.8739146980806254e-06,0,1.9073468138230965e-06
C_007_013_20230826122523_001_007_000_000.jpg,1,0,3.2352650123357307e-06,0,3.2186455882765586e-06
C_007_013_20230904152327_001_007_000_000.jpg,1,0,1.038251502905041e-05,0,1.0371154530730564e-05
C_007_013_20230904171926_001_007_000_000.jpg,1,0,2.765418003036757e-06,0,2.7418097943154862e-06
C_007_013_20230904173847_001_007_000_000.jpg,1,0,3.192120493622497e-05,0,3.194758028257638e-05
C_007_013_20230908163934_001_007_000_000.jpg,1,0,1.9571598386391997e-05,0,1.9550132492440753e-05
C_007_013_20230912155731_001_007_000_000.jpg,1,0,3.5584102988650557e-06,0,3.576272320060525e-06
C_007_014_20230827173525_001_007_000_000.jpg,1,0,5.290293756843312e-06,0,5.245195097813848e-06
C_007_014_20230828084412_001_007_000_000.jpg,1,0,9.011941074277274e-06,0,9.059865078597795e-06
C_007_014_20230829171109_001_007_000_000.jpg,1,0,7.8597267929581e-06,0,7.867782187531702e-06
C_007_014_20230903111405_001_007_000_000.jpg,1,0,3.339023123771767e-06,0,3.3378546504536644e-06
C_007_014_20230906153028_001_007_000_000.jpg,1,0,1.5562198314000852e-05,0,1.5616295058862306e-05
C_007_014_20230906170251_001_007_000_000.jpg,1,0,8.440932106168475e-06,0,8.4638240878121e-06
C_007_014_20230910170136_001_007_000_000.jpg,1,0,4.427407020557439e-06,0,4.410734163684538e-06
C_007_014_20230912154409_001_007_000_000.jpg,1,0,5.362688625609735e-06,0,5.364403477869928e-06
C_008_017_20230825181031_001_008_000_000.jpg,1,0,2.7482028599479236e-06,0,2.7418097943154862e-06
C_008_017_20230827165600_001_008_000_000.jpg,1,0,5.544543455471285e-06,0,5.602820692729438e-06
C_008_017_20230904153838_001_008_000_000.jpg,1,0,1.1557900506886654e-05,0,1.156323378381785e-05
C_008_017_20230904162244_001_008_000_000.jpg,1,0,6.353324806696037e-06,0,6.318072337307967e-06
C_008_017_20230905075623_001_008_000_000.jpg,1,0,1.0839814422070049e-05,0,1.0847986231965479e-05
C_008_017_20230910153826_001_008_000_000.jpg,1,0,2.446445932946517e-06,0,2.50339189733495e-06
C_008_017_20230912133133_001_008_000_000.jpg,1,0,3.94496100852848e-06,0,3.933898824470816e-06
C_008_018_20230829165345_001_008_000_000.jpg,1,0,9.387999307364225e-05,0,9.393251093570143e-05
C_008_018_20230831141907_001_008_000_000.jpg,1,0,4.411862846609438e-06,0,4.410734163684538e-06
C_008_018_20230902144433_001_008_000_000.jpg,1,0,1.9848355350404745e-06,0,2.0265558760002023e-06
C_009_019_20230825183547_001_009_000_000.jpg,1,0,3.493710664770333e-06,0,3.4570634852570947e-06
C_009_019_20230827181905_001_009_000_000.jpg,1,0,0.00019791490922216326,0,0.00019798702851403505
C_009_019_20230829155551_001_009_000_000.jpg,1,0,8.751727364142425e-06,0,8.702239938429557e-06
C_009_019_20230829160507_001_009_000_000.jpg,1,0,1.158005488832714e-05,0,1.156323378381785e-05
C_009_019_20230829164306_001_009_000_000.jpg,1,0,0.00021394362556748092,0,0.00021395778458099812
C_009_019_20230830063113_001_009_000_000.jpg,1,0,8.894031452655327e-06,0,8.940656698541716e-06
C_009_019_20230831143213_001_009_000_000.jpg,1,0,8.000411980901845e-06,0,7.986990567587782e-06
C_009_019_20230831144113_001_009_000_000.jpg,1,0,1.4688768033011002e-06,0,1.4305104514278355e-06
C_009_019_20230831161950_001_009_000_000.jpg,1,0,4.031335720355855e-06,0,4.0531076592742465e-06
C_009_019_20230831164757_001_009_000_000.jpg,1,0,4.2518718146311585e-06,0,4.291525328881107e-06
C_009_019_20230904151913_001_009_000_000.jpg,1,0,4.509006430453155e-06,0,4.529942543740617e-06
C_009_019_20230910155219_001_009_000_000.jpg,1,0,7.630511390743777e-06,0,7.629365427419543e-06
C_009_019_20230910162410_001_009_000_000.jpg,1,0,4.237089342495892e-06,0,4.291525328881107e-06
C_009_019_20230911104240_001_009_000_000.jpg,1,0,2.205106511610211e-06,0,2.145764938177308e-06
C_009_019_20230912153450_001_009_000_000.jpg,1,0,3.3017151963576907e-06,0,3.3378546504536644e-06
C_010_022_20230825174158_001_010_000_000.jpg,1,0,7.473097502952442e-05,0,7.4741430580616e-05
C_010_022_20230825174839_001_010_000_000.jpg,1,0,3.1678206141805276e-05,0,3.1709168979432434e-05
C_010_022_20230825181700_001_010_000_000.jpg,1,0,3.399191655262257e-06,0,3.4570634852570947e-06
C_010_022_20230827174722_001_010_000_000.jpg,1,0,7.4412305366422515e-06,0,7.390948667307384e-06
C_010_022_20230830065155_001_010_000_000.jpg,1,0,1.4003244359628297e-05,0,1.3947389561508317e-05
C_010_022_20230831160954_001_010_000_000.jpg,1,0,8.240738679887727e-06,0,8.22540732769994e-06
C_010_022_20230904155115_001_010_000_000.jpg,1,0,4.1819435864454135e-05,0,4.184158387943171e-05
C_010_022_20230908165427_001_010_000_000.jpg,1,0,9.946347745426465e-06,0,9.894321920000948e-06
C_011_024_20230829142705_001_011_000_000.jpg,1,0,1.9171104213455692e-05,0,1.9192511899746023e-05
C_011_024_20230829161109_001_011_000_000.jpg,1,0,3.5378704978938913e-06,0,3.576272320060525e-06
C_011_024_20230831141736_001_011_000_000.jpg,1,0,1.4620510455642943e-06,0,1.4305104514278355e-06
C_011_024_20230831143224_001_011_000_000.jpg,1,0,3.976500920543913e-06,0,3.933898824470816e-06
C_011_024_20230902171213_001_011_000_000.jpg,1,0,2.7417395358497743e-06,0,2.7418097943154862e-06
C_011_024_20230904171915_001_011_000_000.jpg,1,0,7.006884516158607e-06,0,7.033323527139146e-06
C_011_024_20230906180227_001_011_000_000.jpg,1,0,6.347829184960574e-05,0,6.353653589030728e-05
C_011_024_20230908154218_001_011_000_000.jpg,1,0,1.2681539374170825e-05,0,1.2636104656849056e-05
C_011_024_20230910155736_001_011_000_000.jpg,1,0,1.5094714171937085e-06,0,1.5497195136049413e-06
C_011_024_20230912134519_001_011_000_000.jpg,1,0,4.284353963157628e-06,0,4.291525328881107e-06
C_012_027_20230831145944_001_012_000_000.jpg,1,0,2.1067296529508894e-06,0,2.145764938177308e-06
C_012_027_20230831192908_001_012_000_000.jpg,1,0,3.6699480006063823e-06,0,3.6954811548639555e-06
C_012_027_20230901071858_001_012_000_000.jpg,1,0,7.689359335927293e-06,0,7.748573807475623e-06
C_012_027_20230902154458_001_012_000_000.jpg,1,0,6.117045268183574e-05,0,6.115249561844394e-05
B_001_001_20230819184543_001_004_000_003.jpg,2,1,0.9999994039535522,1,5.960462772236497e-07
B_001_001_20230819185339_001_002_000_003.jpg,2,1,0.9999997615814209,1,2.3841855067985307e-07
B_001_001_20230819221134_001_004_000_003.jpg,2,1,0.9999998807907104,1,1.1920928244535389e-07
B_001_001_20230819221722_001_002_000_003.jpg,2,1,0.9999998807907104,1,1.1920928244535389e-07
B_001_001_20230819222852_001_003_000_003.jpg,2,1,0.9999986886978149,1,1.311301275563892e-06
B_001_001_20230819223943_001_002_000_003.jpg,2,1,0.9999998807907104,1,1.1920928244535389e-07
B_001_001_20230819224112_001_002_000_003.jpg,2,1,1.0,1,-0.0
B_001_001_20230820211410_001_002_000_003.jpg,2,1,0.9999997615814209,1,2.3841855067985307e-07
B_001_001_20230820212924_001_002_000_003.jpg,2,1,0.9999997615814209,1,2.3841855067985307e-07
B_001_001_20230820222754_001_004_000_003.jpg,2,1,0.9999998807907104,1,1.1920928244535389e-07
B_001_001_20230821180326_001_004_000_003.jpg,2,1,0.9999998807907104,1,1.1920928244535389e-07
B_001_001_20230821181213_001_004_000_003.jpg,2,1,0.9999996423721313,1,3.576278118089249e-07
B_001_001_20230821184615_001_002_000_003.jpg,2,1,1.0,1,-0.0
B_001_001_20230821185038_001_002_000_003.jpg,2,1,1.0,1,-0.0
B_001_001_20230821185245_001_002_000_003.jpg,2,1,0.9999998807907104,1,1.1920928244535389e-07
B_001_001_20230821190433_001_003_000_003.jpg,2,1,0.9999998807907104,1,1.1920928244535389e-07
B_001_001_20230821213547_001_004_000_003.jpg,2,1,0.9999998807907104,1,1.1920928244535389e-07
B_001_001_20230821221829_001_003_000_003.jpg,2,1,0.9999998807907104,1,1.1920928244535389e-07
B_001_001_20230821222418_001_002_000_003.jpg,2,1,0.9999998807907104,1,1.1920928244535389e-07
B_001_001_20230821223931_001_002_000_003.jpg,2,1,1.0,1,-0.0
B_001_001_20230821224138_001_003_000_003.jpg,2,1,0.9999998807907104,1,1.1920928244535389e-07
B_001_001_20230821225359_001_003_000_003.jpg,2,1,0.9999997615814209,1,2.3841855067985307e-07
B_001_001_20230822181106_001_002_000_003.jpg,2,1,0.9999998807907104,1,1.1920928244535389e-07
B_001_001_20230822182954_001_002_000_003.jpg,2,1,0.9999998807907104,1,1.1920928244535389e-07
B_001_001_20230822205550_001_002_000_003.jpg,2,1,0.9999997615814209,1,2.3841855067985307e-07
B_001_001_20230903152138_001_004_000_003.jpg,2,1,1.2954727026226465e-05,0,11.254050254821777
B_001_001_20230912094654_001_001_000_003.jpg,2,1,0.9999988079071045,1,1.1920922133867862e-06
B_001_001_20230912131457_001_001_000_003.jpg,2,1,0.9999998807907104,1,1.1920928244535389e-07
B_001_001_20230912181039_001_001_000_003.jpg,2,1,0.9999996423721313,1,3.576278118089249e-07
B_001_002_20230819182109_001_001_000_003.jpg,2,1,1.0,1,-0.0
B_001_002_20230819182441_001_002_000_003.jpg,2,1,0.9999997615814209,1,2.3841855067985307e-07
B_001_002_20230819190509_001_001_000_003.jpg,2,1,0.9999997615814209,1,2.3841855067985307e-07
B_001_002_20230819193326_001_004_000_003.jpg,2,1,0.9999935626983643,1,6.437280717364047e-06
B_001_002_20230819201411_001_001_000_003.jpg,2,1,0.9999994039535522,1,5.960462772236497e-07
B_001_002_20230819221724_001_004_000_003.jpg,2,1,0.9999998807907104,1,1.1920928244535389e-07
B_001_002_20230819222517_001_002_000_003.jpg,2,1,0.9999997615814209,1,2.3841855067985307e-07
B_001_002_20230819224743_001_001_000_003.jpg,2,1,1.0,1,-0.0
B_001_002_20230819225453_001_001_000_003.jpg,2,1,0.9999996423721313,1,3.576278118089249e-07
B_001_002_20230820185716_001_003_000_003.jpg,2,1,0.9999934434890747,1,6.556489552167477e-06
B_001_002_20230820191227_001_002_000_003.jpg,2,1,0.9999998807907104,1,1.1920928244535389e-07
B_001_002_20230820192322_001_003_000_003.jpg,2,1,0.9999988079071045,1,1.1920922133867862e-06
B_001_002_20230820193633_001_002_000_003.jpg,2,1,0.9999997615814209,1,2.3841855067985307e-07
B_001_002_20230820200413_001_001_000_003.jpg,2,1,0.9999998807907104,1,1.1920928244535389e-07
B_001_002_20230820201043_001_001_000_003.jpg,2,1,0.9999998807907104,1,1.1920928244535389e-07
B_001_002_20230820202429_001_001_000_003.jpg,2,1,1.0,1,-0.0
B_001_002_20230820214139_001_002_000_003.jpg,2,1,0.9999998807907104,1,1.1920928244535389e-07
B_001_002_20230820215655_001_004_000_003.jpg,2,1,0.9999998807907104,1,1.1920928244535389e-07
B_001_002_20230820221705_001_001_000_003.jpg,2,1,0.9999977350234985,1,2.264974000354414e-06
B_001_002_20230820222923_001_004_000_003.jpg,2,1,0.9999998807907104,1,1.1920928244535389e-07
B_001_002_20230820224146_001_002_000_003.jpg,2,1,0.9999998807907104,1,1.1920928244535389e-07
B_001_002_20230820225111_001_004_000_003.jpg,2,1,0.9999994039535522,1,5.960462772236497e-07
B_001_002_20230821183109_001_004_000_003.jpg,2,1,0.9999995231628418,1,4.768370445162873e-07
B_001_002_20230821191024_001_003_000_003.jpg,2,1,1.0,1,-0.0
B_001_002_20230821200814_001_001_000_003.jpg,2,1,0.9999998807907104,1,1.1920928244535389e-07
B_001_002_20230821204036_001_001_000_003.jpg,2,1,0.9999998807907104,1,1.1920928244535389e-07
B_001_002_20230821205339_001_002_000_003.jpg,2,1,0.9999998807907104,1,1.1920928244535389e-07
B_001_002_20230821205804_001_004_000_003.jpg,2,1,0.999089241027832,1,0.0009111781837418675
B_001_002_20230821210014_001_001_000_003.jpg,2,1,0.9999996423721313,1,3.576278118089249e-07
B_001_002_20230821214643_001_004_000_003.jpg,2,1,0.9999982118606567,1,1.7881377516459906e-06
B_001_002_20230822181439_001_001_000_003.jpg,2,1,1.0,1,-0.0
B_001_002_20230822182535_001_001_000_003.jpg,2,1,0.9999998807907104,1,1.1920928244535389e-07
B_001_002_20230822185639_001_001_000_003.jpg,2,1,0.9999984502792358,1,1.5497195136049413e-06
B_001_002_20230822190230_001_001_000_003.jpg,2,1,0.9999996423721313,1,3.576278118089249e-07
B_001_002_20230822190650_001_004_000_003.jpg,2,1,1.0,1,-0.0
B_001_002_20230822203742_001_002_000_003.jpg,2,1,0.9999988079071045,1,1.1920922133867862e-06
B_001_005_20230820184841_001_004_000_003.jpg,2,1,0.9999988079071045,1,1.1920922133867862e-06
B_001_005_20230820185047_001_002_000_003.jpg,2,1,1.0,1,-0.0
B_001_005_20230820185047_001_003_000_003.jpg,2,1,1.0,1,-0.0
B_001_005_20230820185133_001_001_000_003.jpg,2,1,0.9999998807907104,1,1.1920928244535389e-07
B_001_005_20230820191819_001_003_000_003.jpg,2,1,0.9999995231628418,1,4.768370445162873e-07
B_001_005_20230820204814_001_003_000_003.jpg,2,1,1.0,1,-0.0
B_001_005_20230904142517_001_001_000_003.jpg,2,1,0.0270092636346817,0,3.6115753650665283
B_001_006_20230824224546_001_003_000_003.jpg,2,1,0.9999998807907104,1,1.1920928244535389e-07
B_001_006_20230912102608_001_001_000_003.jpg,2,1,0.9999918937683105,1,8.106198947643861e-06
B_001_008_20230908093555_001_003_000_003.jpg,2,1,3.6221281334292144e-06,0,12.528449058532715
B_001_008_20230908093600_001_003_000_003.jpg,2,1,3.7060267459310126e-06,0,12.505550384521484
B_001_009_20230902100119_001_002_000_003.jpg,2,1,5.459182375489036e-06,0,12.11821174621582
B_001_009_20230912145517_001_001_000_003.jpg,2,1,0.9999996423721313,1,3.576278118089249e-07
B_001_009_20230912145529_001_001_000_003.jpg,2,1,0.9999997615814209,1,2.3841855067985307e-07
B_001_009_20230912145532_001_001_000_003.jpg,2,1,0.9999991655349731,1,8.344646857949556e-07
B_001_011_20230912122802_001_001_000_003.jpg,2,1,0.998211145401001,1,0.0017904693959280849
B_001_016_20230909084107_001_004_000_003.jpg,2,1,0.001209547626785934,0,6.717508792877197
B_001_016_20230909084151_001_003_000_003.jpg,2,1,0.9990045428276062,1,0.000995974289253354
B_001_016_20230909084350_001_001_000_003.jpg,2,1,5.197874997975305e-06,0,12.16726016998291
B_001_016_20230909084355_001_001_000_003.jpg,2,1,5.063420303486055e-06,0,12.19346809387207
B_001_019_20230819190159_001_004_000_003.jpg,2,1,1.0,1,-0.0
B_001_019_20230819190406_001_003_000_003.jpg,2,1,0.9999996423721313,1,3.576278118089249e-07
B_001_019_20230819191627_001_001_000_003.jpg,2,1,0.9999998807907104,1,1.1920928244535389e-07
B_001_019_20230819192004_001_002_000_003.jpg,2,1,0.9999997615814209,1,2.3841855067985307e-07
B_001_019_20230819195035_001_004_000_003.jpg,2,1,1.0,1,-0.0
B_001_019_20230819200254_001_003_000_003.jpg,2,1,0.9999997615814209,1,2.3841855067985307e-07
B_001_019_20230819200337_001_001_000_003.jpg,2,1,0.9999998807907104,1,1.1920928244535389e-07
B_001_019_20230819200719_001_002_000_003.jpg,2,1,0.9999990463256836,1,9.536738616588991e-07
B_001_019_20230819201520_001_001_000_003.jpg,2,1,1.0,1,-0.0
B_001_019_20230819202026_001_004_000_003.jpg,2,1,1.0,1,-0.0
B_001_019_20230819203111_001_004_000_003.jpg,2,1,0.9999998807907104,1,1.1920928244535389e-07
B_001_019_20230819203155_001_001_000_003.jpg,2,1,0.9999998807907104,1,1.1920928244535389e-07
B_001_019_20230819203407_001_001_000_003.jpg,2,1,1.0,1,-0.0
B_001_019_20230819210939_001_001_000_003.jpg,2,1,1.0,1,-0.0
B_001_019_20230819214723_001_001_000_003.jpg,2,1,0.9999998807907104,1,1.1920928244535389e-07
B_001_019_20230819215315_001_001_000_003.jpg,2,1,0.9999997615814209,1,2.3841855067985307e-07
B_001_019_20230819220318_001_001_000_003.jpg,2,1,1.0,1,-0.0
B_001_019_20230819222752_001_003_000_003.jpg,2,1,1.0,1,-0.0
B_001_019_20230819224643_001_002_000_003.jpg,2,1,0.9999997615814209,1,2.3841855067985307e-07
B_001_019_20230819225941_001_001_000_003.jpg,2,1,0.9999998807907104,1,1.1920928244535389e-07
B_001_019_20230912104930_001_001_000_003.jpg,2,1,0.999995231628418,1,4.768360213347478e-06
B_001_020_20230819182134_001_004_000_003.jpg,2,1,0.9999996423721313,1,3.576278118089249e-07
B_001_020_20230819182342_001_002_000_003.jpg,2,1,1.0,1,-0.0
B_001_020_20230819184150_001_003_000_003.jpg,2,1,0.9999997615814209,1,2.3841855067985307e-07
B_001_020_20230819184655_001_003_000_003.jpg,2,1,0.9999998807907104,1,1.1920928244535389e-07
B_001_020_20230819185615_001_002_000_003.jpg,2,1,1.0,1,-0.0
B_001_020_20230819190619_001_002_000_003.jpg,2,1,0.9999998807907104,1,1.1920928244535389e-07
B_001_020_20230819192214_001_004_000_003.jpg,2,1,0.9999998807907104,1,1.1920928244535389e-07
B_001_020_20230819194151_001_001_000_003.jpg,2,1,0.9999998807907104,1,1.1920928244535389e-07
B_001_020_20230819195835_001_001_000_003.jpg,2,1,0.999998927116394,1,1.0728830375228426e-06
B_001_020_20230819212621_001_001_000_003.jpg,2,1,0.9999998807907104,1,1.1920928244535389e-07
B_001_020_20230819212834_001_001_000_003.jpg,2,1,0.9999996423721313,1,3.576278118089249e-07
B_001_020_20230819213633_001_003_000_003.jpg,2,1,0.9999998807907104,1,1.1920928244535389e-07
B_001_020_20230819222710_001_001_000_003.jpg,2,1,0.9999988079071045,1,1.1920922133867862e-06
B_001_020_20230904164255_001_001_000_003.jpg,2,1,0.9744300246238708,1,0.025902558118104935
B_001_023_20230819183223_001_001_000_003.jpg,2,1,0.9999998807907104,1,1.1920928244535389e-07
B_001_023_20230819190918_001_003_000_003.jpg,2,1,0.9999996423721313,1,3.576278118089249e-07
B_001_023_20230819192640_001_002_000_003.jpg,2,1,0.9999998807907104,1,1.1920928244535389e-07
B_001_023_20230819193359_001_003_000_003.jpg,2,1,0.9999998807907104,1,1.1920928244535389e-07
B_001_023_20230819202033_001_001_000_003.jpg,2,1,1.0,1,-0.0
B_001_023_20230819211113_001_002_000_003.jpg,2,1,0.9999998807907104,1,1.1920928244535389e-07
B_001_023_20230819211614_001_004_000_003.jpg,2,1,1.0,1,-0.0
B_001_023_20230819212330_001_001_000_003.jpg,2,1,0.9999998807907104,1,1.1920928244535389e-07
B_001_023_20230819214016_001_003_000_003.jpg,2,1,0.9999997615814209,1,2.3841855067985307e-07
B_001_023_20230819224816_001_001_000_003.jpg,2,1,0.9999997615814209,1,2.3841855067985307e-07
B_001_023_20230821184356_001_004_000_003.jpg,2,1,1.0,1,-0.0
B_001_023_20230821190718_001_003_000_003.jpg,2,1,0.9999979734420776,1,2.0265558760002023e-06
B_001_023_20230821190802_001_004_000_003.jpg,2,1,0.9999995231628418,1,4.768370445162873e-07
B_001_023_20230821192319_001_002_000_003.jpg,2,1,1.0,1,-0.0
B_001_023_20230821194543_001_004_000_003.jpg,2,1,0.9999998807907104,1,1.1920928244535389e-07
B_001_023_20230821195343_001_001_000_003.jpg,2,1,0.9999998807907104,1,1.1920928244535389e-07
B_001_023_20230821195511_001_002_000_003.jpg,2,1,1.0,1,-0.0
B_001_023_20230821202313_001_003_000_003.jpg,2,1,1.0,1,-0.0
B_001_023_20230821210255_001_004_000_003.jpg,2,1,0.9999996423721313,1,3.576278118089249e-07
B_001_023_20230821211002_001_002_000_003.jpg,2,1,0.9999998807907104,1,1.1920928244535389e-07
B_001_023_20230821211002_001_003_000_003.jpg,2,1,0.9999998807907104,1,1.1920928244535389e-07
B_001_023_20230821215215_001_002_000_003.jpg,2,1,0.9999996423721313,1,3.576278118089249e-07
B_001_023_20230821221013_001_001_000_003.jpg,2,1,1.0,1,-0.0
B_001_023_20230821222910_001_004_000_003.jpg,2,1,0.9999998807907104,1,1.1920928244535389e-07
B_001_023_20230821223625_001_004_000_003.jpg,2,1,0.9999984502792358,1,1.5497195136049413e-06
B_001_023_20230821225056_001_004_000_003.jpg,2,1,0.9999998807907104,1,1.1920928244535389e-07
B_001_023_20230822180133_001_003_000_003.jpg,2,1,0.9999998807907104,1,1.1920928244535389e-07
B_001_023_20230822182312_001_003_000_003.jpg,2,1,0.9999946355819702,1,5.364403477869928e-06
B_001_023_20230822182441_001_003_000_003.jpg,2,1,1.0,1,-0.0
B_001_023_20230822183741_001_002_000_003.jpg,2,1,1.0,1,-0.0
B_001_023_20230822185209_001_001_000_003.jpg,2,1,0.9999997615814209,1,2.3841855067985307e-07
B_001_023_20230822190514_001_004_000_003.jpg,2,1,0.9999998807907104,1,1.1920928244535389e-07
B_001_023_20230822191441_001_002_000_003.jpg,2,1,0.999997615814209,1,2.3841830625315197e-06
B_001_023_20230822191824_001_003_000_003.jpg,2,1,1.0,1,-0.0
B_001_023_20230822193717_001_003_000_003.jpg,2,1,0.9999998807907104,1,1.1920928244535389e-07
B_001_023_20230822193845_001_001_000_003.jpg,2,1,0.9999997615814209,1,2.3841855067985307e-07
B_001_023_20230822195400_001_004_000_003.jpg,2,1,0.999998927116394,1,1.0728830375228426e-06
B_001_023_20230822205709_001_003_000_003.jpg,2,1,0.9999998807907104,1,1.1920928244535389e-07
B_001_023_20230902134259_001_003_000_003.jpg,2,1,4.469104533200152e-05,0,10.015737533569336
B_001_023_20230912105433_001_001_000_003.jpg,2,1,0.9999446868896484,1,5.531158240046352e-05
B_001_023_20230912155519_001_001_000_003.jpg,2,1,0.9999996423721313,1,3.576278118089249e-07
B_001_024_20230819183057_001_003_000_003.jpg,2,1,0.9999997615814209,1,2.3841855067985307e-07
B_001_024_20230819191257_001_003_000_003.jpg,2,1,0.9999996423721313,1,3.576278118089249e-07
B_001_024_20230819191506_001_002_000_003.jpg,2,1,1.0,1,-0.0
B_001_024_20230819200431_001_003_000_003.jpg,2,1,1.0,1,-0.0
B_001_024_20230819205941_001_001_000_003.jpg,2,1,1.0,1,-0.0
B_001_024_20230819213218_001_002_000_003.jpg,2,1,0.9999998807907104,1,1.1920928244535389e-07
B_001_024_20230819221503_001_003_000_003.jpg,2,1,0.9999997615814209,1,2.3841855067985307e-07
B_001_024_20230819222424_001_002_000_003.jpg,2,1,0.9999920129776001,1,7.986990567587782e-06
B_001_024_20230820182214_001_002_000_003.jpg,2,1,0.9999998807907104,1,1.1920928244535389e-07
B_001_024_20230820184402_001_001_000_003.jpg,2,1,1.0,1,-0.0
B_001_024_20230820185201_001_002_000_003.jpg,2,1,0.9999996423721313,1,3.576278118089249e-07
B_001_024_20230820192946_001_001_000_003.jpg,2,1,0.9999998807907104,1,1.1920928244535389e-07
B_001_024_20230821112545_001_002_000_003.jpg,2,1,8.02044178271899e-06,0,11.733516693115234
B_001_024_20230821112639_001_004_000_003.jpg,2,1,0.99623703956604,1,0.003770030802115798
B_001_024_20230902135704_001_004_000_003.jpg,2,1,6.396440585376695e-05,0,9.657183647155762
B_001_025_20230819195212_001_001_000_003.jpg,2,1,0.9999998807907104,1,1.1920928244535389e-07
B_001_025_20230819215743_001_002_000_003.jpg,2,1,0.9999998807907104,1,1.1920928244535389e-07
B_001_025_20230819221925_001_004_000_003.jpg,2,1,0.9999998807907104,1,1.1920928244535389e-07
B_001_025_20230819222508_001_004_000_003.jpg,2,1,0.9999995231628418,1,4.768370445162873e-07
B_001_025_20230819224818_001_003_000_003.jpg,2,1,0.9999947547912598,1,5.245195097813848e-06
B_001_025_20230821215010_001_001_000_003.jpg,2,1,1.0,1,-0.0
B_001_025_20230821220220_001_004_000_003.jpg,2,1,0.9999997615814209,1,2.3841855067985307e-07
B_001_025_20230822185927_001_004_000_003.jpg,2,1,0.9999991655349731,1,8.344646857949556e-07
B_001_025_20230822211943_001_001_000_003.jpg,2,1,1.0,1,-0.0
B_001_025_20230822212321_001_002_000_003.jpg,2,1,0.9999998807907104,1,1.1920928244535389e-07
B_001_025_20230822212403_001_001_000_003.jpg,2,1,0.9999994039535522,1,5.960462772236497e-07
B_001_025_20230827103306_001_002_000_003.jpg,2,1,0.0026715530548244715,0,5.925095081329346
B_001_025_20230827103308_001_003_000_003.jpg,2,1,0.09233230352401733,0,2.3823611736297607
B_001_025_20230828111459_001_001_000_003.jpg,2,1,3.902828393620439e-05,0,10.151224136352539
B_001_025_20230828111747_001_003_000_003.jpg,2,1,8.156011062965263e-06,0,11.716754913330078
B_001_025_20230829160437_001_001_000_003.jpg,2,1,0.9826618432998657,1,0.017490198835730553
B_001_025_20230829163424_001_001_000_003.jpg,2,1,0.9945194125175476,1,0.0054956781677901745
B_001_025_20230912110452_001_001_000_003.jpg,2,1,0.9999951124191284,1,4.887569048150908e-06
B_001_025_20230912125844_001_001_000_003.jpg,2,1,0.9999986886978149,1,1.311301275563892e-06
B_001_025_20230912155841_001_001_000_003.jpg,2,1,0.9999982118606567,1,1.7881377516459906e-06
B_001_029_20230819184709_001_003_000_003.jpg,2,1,0.9999996423721313,1,3.576278118089249e-07
B_001_029_20230819191557_001_001_000_003.jpg,2,1,0.9999997615814209,1,2.3841855067985307e-07
B_001_029_20230819192146_001_003_000_003.jpg,2,1,0.9999997615814209,1,2.3841855067985307e-07
B_001_029_20230819195724_001_002_000_003.jpg,2,1,0.9999991655349731,1,8.344646857949556e-07
B_001_029_20230819201408_001_001_000_003.jpg,2,1,0.9999918937683105,1,8.106198947643861e-06
B_001_029_20230819201959_001_002_000_003.jpg,2,1,1.0,1,-0.0
B_001_029_20230819202834_001_004_000_003.jpg,2,1,1.0,1,-0.0
B_001_029_20230819205015_001_002_000_003.jpg,2,1,1.0,1,-0.0
B_001_029_20230819205229_001_004_000_003.jpg,2,1,1.0,1,-0.0
B_001_029_20230819215915_001_003_000_003.jpg,2,1,0.9999998807907104,1,1.1920928244535389e-07
C_001_021_20230904115917_001_001_000_003.jpg,2,1,0.9999994039535522,1,5.960462772236497e-07
C_001_021_20230904115937_001_001_000_003.jpg,2,1,0.9998196959495544,1,0.00018034738604910672
C_001_021_20230904124851_001_001_000_003.jpg,2,1,0.0005047050071880221,0,7.591536521911621
C_001_021_20230904125101_001_001_000_003.jpg,2,1,0.9999980926513672,1,1.9073468138230965e-06
C_001_021_20230904125501_001_001_000_003.jpg,2,1,0.9999995231628418,1,4.768370445162873e-07
C_001_021_20230904125603_001_001_000_003.jpg,2,1,0.9979267120361328,1,0.0020754244178533554
C_001_021_20230904125701_001_001_000_003.jpg,2,1,0.0006569189135916531,0,7.3279500007629395
C_001_021_20230904204921_001_001_000_003.jpg,2,1,0.9999948740005493,1,5.125986263010418e-06
C_001_021_20230904211403_001_001_000_003.jpg,2,1,0.9999998807907104,1,1.1920928244535389e-07
C_001_021_20230904213302_001_001_000_003.jpg,2,1,0.9999995231628418,1,4.768370445162873e-07
C_001_021_20230904213624_001_001_000_003.jpg,2,1,0.9999992847442627,1,7.152555099310121e-07
C_001_021_20230904213706_001_001_000_003.jpg,2,1,0.9999915361404419,1,8.4638240878121e-06
C_001_021_20230904213828_001_001_000_003.jpg,2,1,0.9999954700469971,1,4.529942543740617e-06
C_001_021_20230904214702_001_001_000_003.jpg,2,1,0.9999589920043945,1,4.100715523236431e-05
C_001_021_20230917140119_001_001_000_003.jpg,2,1,0.9999945163726807,1,5.483612312673358e-06
C_001_021_20230917140447_001_001_000_003.jpg,2,1,0.9999972581863403,1,2.7418097943154862e-06
C_001_021_20230917140703_001_001_000_003.jpg,2,1,0.9999953508377075,1,4.6491513785440475e-06
C_001_021_20230917142047_001_001_000_003.jpg,2,1,0.3867928981781006,0,0.9498658180236816
C_001_021_20230917142503_001_001_000_003.jpg,2,1,0.9999980926513672,1,1.9073468138230965e-06
C_001_021_20231001204527_001_001_000_003.jpg,2,1,0.9999978542327881,1,2.145764938177308e-06
C_001_021_20231001204603_001_001_000_003.jpg,2,1,0.999849796295166,1,0.0001501924270996824
C_001_021_20231001205157_001_001_000_003.jpg,2,1,0.9999793767929077,1,2.062299427052494e-05
C_001_021_20231001211427_001_001_000_003.jpg,2,1,0.9999997615814209,1,2.3841855067985307e-07
C_001_021_20231001211959_001_001_000_003.jpg,2,1,0.9999991655349731,1,8.344646857949556e-07
C_001_021_20231001213103_001_001_000_003.jpg,2,1,0.9999996423721313,1,3.576278118089249e-07
C_001_021_20231001214643_001_001_000_003.jpg,2,1,0.00311328680254519,0,5.77207612991333
C_001_021_20231001215257_001_001_000_003.jpg,2,1,0.9999985694885254,1,1.4305104514278355e-06
C_001_021_20231001220413_001_001_000_003.jpg,2,1,0.9999994039535522,1,5.960462772236497e-07
C_001_021_20231001220817_001_001_000_003.jpg,2,1,0.9999992847442627,1,7.152555099310121e-07
C_001_021_20231001224255_001_001_000_003.jpg,2,1,0.9999995231628418,1,4.768370445162873e-07
C_001_021_20231001231713_001_001_000_003.jpg,2,1,0.9999992847442627,1,7.152555099310121e-07
C_001_021_20231001234951_001_001_000_003.jpg,2,1,0.9999741315841675,1,2.586808113846928e-05
C_001_021_20231001235257_001_001_000_003.jpg,2,1,0.9999994039535522,1,5.960462772236497e-07
C_001_021_20231001235405_001_001_000_003.jpg,2,1,0.9999972581863403,1,2.7418097943154862e-06
C_001_021_20231001235639_001_001_000_003.jpg,2,1,0.01759467087686062,0,4.040159225463867
C_001_021_20231001235705_001_001_000_003.jpg,2,1,0.9999997615814209,1,2.3841855067985307e-07
C_001_022_20230821185842_001_001_000_003.jpg,2,1,0.9999998807907104,1,1.1920928244535389e-07
C_001_022_20230821190418_001_001_000_003.jpg,2,1,0.9999998807907104,1,1.1920928244535389e-07
C_001_022_20230821191632_001_001_000_003.jpg,2,1,0.9999998807907104,1,1.1920928244535389e-07
C_001_022_20230821191750_001_001_000_003.jpg,2,1,0.9999996423721313,1,3.576278118089249e-07
C_001_022_20230821192322_001_001_000_003.jpg,2,1,0.9999998807907104,1,1.1920928244535389e-07
C_001_022_20230831151225_001_001_000_003.jpg,2,1,0.9999991655349731,1,8.344646857949556e-07
C_001_022_20230831152417_001_001_000_003.jpg,2,1,0.9999991655349731,1,8.344646857949556e-07
C_001_022_20230831153317_001_001_000_003.jpg,2,1,0.9999984502792358,1,1.5497195136049413e-06
C_001_022_20230831153655_001_001_000_003.jpg,2,1,0.9999258518218994,1,7.414542778860778e-05
C_001_022_20230901150654_001_001_000_003.jpg,2,1,0.9999916553497314,1,8.34461570775602e-06
C_001_022_20230901150810_001_001_000_003.jpg,2,1,0.9999898672103882,1,1.0132738680113107e-05
C_001_022_20230903110959_001_001_000_003.jpg,2,1,0.9999990463256836,1,9.536738616588991e-07
C_001_022_20230904131933_001_001_000_003.jpg,2,1,0.9999996423721313,1,3.576278118089249e-07
C_001_022_20230904223128_001_001_000_003.jpg,2,1,0.9999986886978149,1,1.311301275563892e-06
C_001_022_20230904223316_001_001_000_003.jpg,2,1,0.9999294281005859,1,7.056941103655845e-05
C_001_022_20230904223530_001_001_000_003.jpg,2,1,0.00034055786090902984,0,7.984925270080566
C_001_022_20230904223952_001_001_000_003.jpg,2,1,0.012988517992198467,0,4.343689441680908
C_001_022_20230904225714_001_001_000_003.jpg,2,1,0.9999991655349731,1,8.344646857949556e-07
C_001_022_20230904230246_001_001_000_003.jpg,2,1,0.9999995231628418,1,4.768370445162873e-07
C_001_022_20230904231226_001_001_000_003.jpg,2,1,0.9999935626983643,1,6.437280717364047e-06
C_001_022_20230904231620_001_001_000_003.jpg,2,1,0.9999825954437256,1,1.7404405298293568e-05
C_001_022_20230904232126_001_001_000_003.jpg,2,1,0.9999996423721313,1,3.576278118089249e-07
C_001_022_20230904233410_001_001_000_003.jpg,2,1,0.9999985694885254,1,1.4305104514278355e-06
C_001_022_20230904233532_001_001_000_003.jpg,2,1,0.6805999279022217,1,0.384780615568161
C_002_001_20230819131224_001_001_000_003.jpg,2,1,0.9999998807907104,1,1.1920928244535389e-07
B_001_001_20230905140435_001_002_000_000.jpg,2,0,1.9040744518861175e-06,0,1.9073468138230965e-06
B_001_001_20230907110744_001_003_000_000.jpg,2,0,3.562498477549525e-06,0,3.576272320060525e-06
B_001_001_20230907111158_001_004_000_000.jpg,2,0,1.7512860722490586e-05,0,1.7523612768854946e-05
B_001_001_20230909115725_001_003_000_000.jpg,2,0,9.355309771308384e-07,0,9.536738616588991e-07
B_001_001_20230910105435_001_003_000_000.jpg,2,0,3.882037162838969e-06,0,3.933898824470816e-06
B_001_002_20230819140159_001_003_000_000.jpg,2,0,2.8289734927966492e-06,0,2.861018856492592e-06
B_001_002_20230825081614_001_001_000_000.jpg,2,0,3.034318251593504e-05,0,3.0397906812140718e-05
B_001_002_20230904140309_001_003_000_000.jpg,2,0,2.2656981855107006e-06,0,2.264974000354414e-06
B_001_002_20230904140356_001_004_000_000.jpg,2,0,7.716178629380011e-07,0,7.152555099310121e-07
B_001_002_20230908145202_001_001_000_000.jpg,2,0,3.8030336781957885e-06,0,3.814689989667386e-06
B_001_005_20230820200754_001_004_000_000.jpg,2,0,0.9999966621398926,1,12.61743450164795
B_001_005_20230821090757_001_003_000_000.jpg,2,0,1.050639184541069e-05,0,1.0490362910786644e-05
B_001_005_20230825083223_001_003_000_000.jpg,2,0,4.054512373841135e-06,0,4.0531076592742465e-06
B_001_005_20230827132449_001_003_000_000.jpg,2,0,0.0019389441004022956,0,0.0019408691441640258
B_001_005_20230907120004_001_002_000_000.jpg,2,0,4.599416115524946e-06,0,4.6491513785440475e-06
B_001_005_20230908090123_001_003_000_000.jpg,2,0,7.018969427008415e-06,0,7.033323527139146e-06
B_001_005_20230910114953_001_004_000_000.jpg,2,0,1.6133026292664e-05,0,1.6093124941107817e-05
B_001_006_20230823135709_001_002_000_000.jpg,2,0,2.499508082109969e-05,0,2.5033637939486653e-05
B_001_006_20230824083226_001_002_000_000.jpg,2,0,1.2894047358713578e-05,0,1.2874520507466514e-05
B_001_006_20230825133313_001_002_000_000.jpg,2,0,0.00047202021232806146,0,0.0004720765573438257
B_001_006_20230825133534_001_004_000_000.jpg,2,0,4.713946964329807e-06,0,4.768360213347478e-06
B_001_006_20230828082609_001_002_000_000.jpg,2,0,2.6352624900027877e-06,0,2.622600959512056e-06
B_001_006_20230904143736_001_004_000_000.jpg,2,0,6.39041581962374e-06,0,6.437280717364047e-06
B_001_006_20230904143746_001_004_000_000.jpg,2,0,3.8706519262632355e-05,0,3.8742269680369645e-05
B_001_006_20230909133859_001_002_000_000.jpg,2,0,9.105362437367148e-07,0,9.536738616588991e-07
B_001_006_20230910115820_001_004_000_000.jpg,2,0,0.0019853352569043636,0,0.0019872693810611963
B_001_008_20230908093637_001_001_000_000.jpg,2,0,2.310554691575817e-06,0,2.264974000354414e-06
B_001_008_20230910135329_001_001_000_000.jpg,2,0,3.0201265417417744e-06,0,2.9802276912960224e-06
B_001_008_20230910135407_001_003_000_000.jpg,2,0,1.3901865713705774e-05,0,1.3947389561508317e-05
B_001_009_20230825135357_001_002_000_000.jpg,2,0,4.727740815724246e-05,0,4.732496745418757e-05
B_001_009_20230909140014_001_003_000_000.jpg,2,0,5.192543994780863e-06,0,5.245195097813848e-06
B_001_011_20230819151024_001_002_000_000.jpg,2,0,4.052710664836923e-06,0,4.0531076592742465e-06
B_001_011_20230904153336_001_001_000_000.jpg,2,0,5.4018987611925695e-06,0,5.364403477869928e-06
B_001_011_20230908163546_001_002_000_000.jpg,2,0,3.4011402476608055e-06,0,3.4570634852570947e-06
B_001_011_20230909142653_001_003_000_000.jpg,2,0,4.878596882917918e-06,0,4.887569048150908e-06
B_001_011_20230910141026_001_001_000_000.jpg,2,0,1.7484105683251983e-06,0,1.7881377516459906e-06
B_001_016_20230906163226_001_002_000_000.jpg,2,0,0.01086303498595953,0,0.010922526009380817
B_001_019_20230823160925_001_003_000_000.jpg,2,0,6.574412964255316e-06,0,6.556489552167477e-06
B_001_019_20230824101340_001_001_000_000.jpg,2,0,3.737962106242776e-05,0,3.7431014789035544e-05
B_001_019_20230824101352_001_003_000_000.jpg,2,0,2.7260797651251778e-05,0,2.729855441430118e-05
B_001_019_20230824151340_001_004_000_000.jpg,2,0,8.735159099160228e-06,0,8.702239938429557e-06
B_001_019_20230825102333_001_002_000_000.jpg,2,0,1.1274908501945902e-05,0,1.1324817933200393e-05
B_001_019_20230828153457_001_004_000_000.jpg,2,0,0.9999603033065796,1,10.133073806762695
B_001_019_20230904163710_001_002_000_000.jpg,2,0,2.2529540729010478e-05,0,2.253030106658116e-05
B_001_019_20230906113636_001_002_000_000.jpg,2,0,1.132221041189041e-05,0,1.1324817933200393e-05
B_001_019_20230906165336_001_001_000_000.jpg,2,0,2.8059255782864057e-05,0,2.8013790142722428e-05
B_001_020_20230907082431_001_004_000_000.jpg,2,0,3.679542351164855e-05,0,3.683499380713329e-05
B_001_020_20230907082614_001_003_000_000.jpg,2,0,1.9058749103351147e-06,0,1.9073468138230965e-06
B_001_023_20230820090148_001_001_000_000.jpg,2,0,1.2283006981306244e-05,0,1.2278481335670222e-05
B_001_023_20230821111634_001_002_000_000.jpg,2,0,7.280906629603123e-06,0,7.271740287251305e-06
B_001_023_20230907155815_001_003_000_000.jpg,2,0,3.1762222079123603e-06,0,3.2186455882765586e-06
B_001_023_20230910090617_001_003_000_000.jpg,2,0,3.6093952076043934e-05,0,3.611976353568025e-05
B_001_023_20230910154640_001_004_000_000.jpg,2,0,3.3759217785700457e-06,0,3.3378546504536644e-06
B_001_023_20230910154714_001_002_000_000.jpg,2,0,1.4550886589859147e-05,0,1.4543427823809907e-05
B_001_023_20230910155035_001_001_000_000.jpg,2,0,4.138381427765125e-06,0,4.172316494077677e-06
B_001_024_20230909102810_001_003_000_000.jpg,2,0,8.882402653398458e-06,0,8.940656698541716e-06
B_001_024_20230909162709_001_003_000_000.jpg,2,0,4.641023679141654e-06,0,4.6491513785440475e-06
B_001_024_20230910155651_001_002_000_000.jpg,2,0,3.6830822409683606e-06,0,3.6954811548639555e-06
B_001_025_20230907161202_001_001_000_000.jpg,2,0,1.459621330468508e-06,0,1.4305104514278355e-06
B_001_025_20230907161231_001_001_000_000.jpg,2,0,4.878457730228547e-06,0,4.887569048150908e-06
B_001_025_20230909104609_001_003_000_000.jpg,2,0,5.509823495231103e-06,0,5.483612312673358e-06
B_001_025_20230910092131_001_001_000_000.jpg,2,0,3.878122242895188e-06,0,3.933898824470816e-06
B_001_025_20230910092353_001_004_000_000.jpg,2,0,1.4138624464976601e-05,0,1.4185804502631072e-05
B_001_029_20230822113144_001_001_000_000.jpg,2,0,1.204743512062123e-05,0,1.2040065485052764e-05
B_001_029_20230907102218_001_004_000_000.jpg,2,0,2.795698264890234e-06,0,2.7418097943154862e-06
B_001_029_20230907103847_001_002_000_000.jpg,2,0,9.775778380571865e-06,0,9.775113539944869e-06
B_001_029_20230907163310_001_002_000_000.jpg,2,0,4.927182544633979e-06,0,4.887569048150908e-06
B_001_029_20230907163319_001_001_000_000.jpg,2,0,1.9396302377572283e-06,0,1.9073468138230965e-06
B_001_029_20230909113306_001_001_000_000.jpg,2,0,7.210549938463373e-06,0,7.152531907195225e-06
C_001_001_20230831140409_001_001_000_000.jpg,2,0,9.063344805326778e-06,0,9.059865078597795e-06
C_001_015_20230828145032_001_001_000_000.jpg,2,0,6.310559001576621e-06,0,6.318072337307967e-06
C_001_017_20231011133646_001_001_000_000.jpg,2,0,4.333169727033237e-06,0,4.291525328881107e-06
C_001_017_20231011140334_001_001_000_000.jpg,2,0,9.70507062447723e-06,0,9.65590606938349e-06
C_001_017_20231011142748_001_001_000_000.jpg,2,0,4.090905349585228e-06,0,4.0531076592742465e-06
C_001_017_20231011143806_001_001_000_000.jpg,2,0,5.291292836773209e-06,0,5.245195097813848e-06
C_002_001_20230909110033_001_001_000_000.jpg,2,0,4.8907081691140775e-06,0,4.887569048150908e-06
C_002_001_20230909112703_001_001_000_000.jpg,2,0,1.3068599400867242e-05,0,1.3112935448589269e-05
C_002_001_20231011090903_001_002_000_000.jpg,2,0,6.523194315377623e-06,0,6.556489552167477e-06
C_002_001_20231011093915_001_002_000_000.jpg,2,0,8.470083230349701e-06,0,8.4638240878121e-06
C_002_001_20231011094650_001_002_000_000.jpg,2,0,8.596667612437159e-06,0,8.583032467868179e-06
C_002_001_20231011102223_001_002_000_000.jpg,2,0,6.6497718762548175e-06,0,6.6756979322235566e-06
C_002_001_20231011102307_001_002_000_000.jpg,2,0,5.374136435420951e-06,0,5.364403477869928e-06
C_002_001_20231011110646_001_002_000_000.jpg,2,0,6.613660389120923e-06,0,6.556489552167477e-06
C_002_001_20231011112308_001_002_000_000.jpg,2,0,6.2215995058068074e-06,0,6.198863957251888e-06
C_002_001_20231011130834_001_002_000_000.jpg,2,0,5.4782603911007755e-06,0,5.483612312673358e-06
C_002_001_20231011131133_001_002_000_000.jpg,2,0,8.803786840871908e-06,0,8.821448318485636e-06
C_002_001_20231011132119_001_002_000_000.jpg,2,0,7.66419088904513e-06,0,7.629365427419543e-06
C_002_001_20231011132512_001_002_000_000.jpg,2,0,8.040024113142863e-06,0,7.986990567587782e-06
C_002_001_20231011132754_001_002_000_000.jpg,2,0,6.006804596836446e-06,0,5.960446742392378e-06
C_002_001_20231011135715_001_002_000_000.jpg,2,0,1.5776106010889634e-05,0,1.5735502529423684e-05
C_002_001_20231011142308_001_002_000_000.jpg,2,0,6.29183432465652e-06,0,6.318072337307967e-06
C_002_001_20231011150909_001_002_000_000.jpg,2,0,5.631894964608364e-06,0,5.602820692729438e-06
C_002_001_20231011152913_001_002_000_000.jpg,2,0,5.723355570808053e-06,0,5.722029527532868e-06
C_002_001_20231011153645_001_002_000_000.jpg,2,0,9.351614608021919e-06,0,9.298280929215252e-06
C_002_001_20231011163944_001_002_000_000.jpg,2,0,5.1498764150892384e-06,0,5.125986263010418e-06
C_003_002_20230831152300_001_003_000_000.jpg,2,0,5.159988631930901e-06,0,5.125986263010418e-06
C_003_002_20230905070240_001_003_000_000.jpg,2,0,9.89478485280415e-06,0,9.894321920000948e-06
C_003_002_20230905080423_001_003_000_000.jpg,2,0,5.990415047563147e-06,0,5.960446742392378e-06
C_003_002_20230906153902_001_003_000_000.jpg,2,0,4.682842245529173e-06,0,4.6491513785440475e-06
C_003_002_20230908154544_001_003_000_000.jpg,2,0,5.672840416082181e-06,0,5.722029527532868e-06
C_003_002_20230912133250_001_003_000_000.jpg,2,0,5.283235623210203e-06,0,5.245195097813848e-06
C_004_004_20230826161427_001_004_000_000.jpg,2,0,6.0665734054055065e-06,0,6.079655122448457e-06
C_004_004_20230827154914_001_004_000_000.jpg,2,0,5.149768639967078e-06,0,5.125986263010418e-06
C_004_004_20230827173124_001_004_000_000.jpg,2,0,4.855639417655766e-06,0,4.887569048150908e-06
C_004_004_20230831170002_001_004_000_000.jpg,2,0,1.4742045095772482e-05,0,1.4781842764932662e-05
C_004_004_20230902145722_001_004_000_000.jpg,2,0,5.487777343660127e-06,0,5.483612312673358e-06
C_004_004_20230903064536_001_004_000_000.jpg,2,0,5.826205779158045e-06,0,5.8412379075889476e-06
C_004_004_20230906151016_001_004_000_000.jpg,2,0,4.603716661222279e-06,0,4.6491513785440475e-06
C_004_004_20230906180407_001_004_000_000.jpg,2,0,1.2283732758078258e-05,0,1.2278481335670222e-05
C_004_004_20230907074853_001_004_000_000.jpg,2,0,4.7950529733498115e-06,0,4.768360213347478e-06
C_004_004_20230910162535_001_004_000_000.jpg,2,0,4.870550128543982e-06,0,4.887569048150908e-06
C_004_004_20230912141507_001_004_000_000.jpg,2,0,5.739912467106478e-06,0,5.722029527532868e-06
C_004_005_20230824095844_001_004_000_000.jpg,2,0,6.568409389728913e-06,0,6.556489552167477e-06
C_004_005_20230829142824_001_004_000_000.jpg,2,0,4.264273684384534e-06,0,4.291525328881107e-06
C_004_005_20230829145027_001_004_000_000.jpg,2,0,4.7993949010560755e-06,0,4.768360213347478e-06
C_004_005_20230906154436_001_004_000_000.jpg,2,0,5.129808414494619e-06,0,5.125986263010418e-06
C_004_005_20230907082057_001_004_000_000.jpg,2,0,6.944961569388397e-06,0,6.9141146923357155e-06
C_004_005_20230907090319_001_004_000_000.jpg,2,0,7.557842309324769e-06,0,7.510157047363464e-06
C_004_005_20230910165009_001_004_000_000.jpg,2,0,4.66466553916689e-06,0,4.6491513785440475e-06
C_004_005_20230910165631_001_004_000_000.jpg,2,0,5.390330443333369e-06,0,5.364403477869928e-06
C_004_005_20230911071727_001_004_000_000.jpg,2,0,5.406057880463777e-06,0,5.364403477869928e-06
C_004_005_20230912155811_001_004_000_000.jpg,2,0,5.708680873794947e-06,0,5.722029527532868e-06
C_005_006_20230904174635_001_005_000_000.jpg,2,0,8.746371349843685e-06,0,8.702239938429557e-06
C_005_006_20230905082116_001_005_000_000.jpg,2,0,5.990546014800202e-06,0,5.960446742392378e-06
C_005_006_20230910165454_001_005_000_000.jpg,2,0,5.357101599656744e-06,0,5.364403477869928e-06
C_005_007_20230825180004_001_005_000_000.jpg,2,0,9.692140338302124e-06,0,9.65590606938349e-06
C_005_007_20230828152845_001_005_000_000.jpg,2,0,7.913527042546775e-06,0,7.867782187531702e-06
C_005_007_20230829141407_001_005_000_000.jpg,2,0,7.388429366983473e-06,0,7.390948667307384e-06
C_005_007_20230831153100_001_005_000_000.jpg,2,0,5.930847692070529e-06,0,5.960446742392378e-06
C_005_007_20230902173015_001_005_000_000.jpg,2,0,2.6399629859952256e-05,0,2.634490556374658e-05
C_005_007_20230904155644_001_005_000_000.jpg,2,0,6.851206762803486e-06,0,6.794906312279636e-06
C_005_007_20230904163451_001_005_000_000.jpg,2,0,7.196542355814017e-06,0,7.152531907195225e-06
C_005_007_20230910160846_001_005_000_000.jpg,2,0,3.911417479685042e-06,0,3.933898824470816e-06
C_006_009_20230827185042_001_006_000_000.jpg,2,0,8.923460882215295e-06,0,8.940656698541716e-06
C_006_009_20230827190556_001_006_000_000.jpg,2,0,8.906474249670282e-06,0,8.940656698541716e-06
C_006_009_20230831160908_001_006_000_000.jpg,2,0,7.441110028594267e-06,0,7.390948667307384e-06
C_006_010_20230825164628_001_006_000_000.jpg,2,0,6.64875733491499e-06,0,6.6756979322235566e-06
C_006_010_20230825165936_001_006_000_000.jpg,2,0,5.276392585074063e-06,0,5.245195097813848e-06
C_006_010_20230827163818_001_006_000_000.jpg,2,0,4.208376594760921e-06,0,4.172316494077677e-06
C_006_010_20230829163456_001_006_000_000.jpg,2,0,7.632789674971718e-06,0,7.629365427419543e-06
C_006_010_20230831144344_001_006_000_000.jpg,2,0,4.564516075333813e-06,0,4.529942543740617e-06
C_006_010_20230902144918_001_006_000_000.jpg,2,0,4.5509809751820285e-06,0,4.529942543740617e-06
C_006_010_20230902190737_001_006_000_000.jpg,2,0,5.65800428375951e-06,0,5.602820692729438e-06
C_006_010_20230904160625_001_006_000_000.jpg,2,0,5.638349193759495e-06,0,5.602820692729438e-06
C_006_010_20230905072554_001_006_000_000.jpg,2,0,6.957265213713981e-06,0,6.9141146923357155e-06
C_006_010_20230908155225_001_006_000_000.jpg,2,0,7.110102615115466e-06,0,7.152531907195225e-06
C_007_012_20230829150411_001_007_000_000.jpg,2,0,6.3192010202328674e-06,0,6.318072337307967e-06
C_007_012_20230912143808_001_007_000_000.jpg,2,0,5.964158845017664e-06,0,5.960446742392378e-06
C_008_015_20230830072850_001_008_000_000.jpg,2,0,9.525349014438689e-06,0,9.536697689327411e-06
C_008_015_20230831143330_001_008_000_000.jpg,2,0,6.367451987898676e-06,0,6.318072337307967e-06
C_008_015_20230903075201_001_008_000_000.jpg,2,0,5.326337486621924e-06,0,5.364403477869928e-06
C_008_015_20230907122602_001_008_000_000.jpg,2,0,7.356494734267471e-06,0,7.390948667307384e-06
C_009_021_20230904170650_001_009_000_000.jpg,2,0,8.063919267442543e-06,0,8.106198947643861e-06
C_009_021_20230905063227_001_009_000_000.jpg,2,0,5.3444823606696445e-06,0,5.364403477869928e-06
C_010_021_20230824094131_001_010_000_000.jpg,2,0,3.979900156991789e-06,0,3.933898824470816e-06
C_010_021_20230825183624_001_010_000_000.jpg,2,0,6.975853921176167e-06,0,7.033323527139146e-06
C_010_021_20230825184019_001_010_000_000.jpg,2,0,7.190937594714342e-06,0,7.152531907195225e-06
C_010_021_20230829160808_001_010_000_000.jpg,2,0,6.933387794560986e-06,0,6.9141146923357155e-06
C_010_021_20230830073117_001_010_000_000.jpg,2,0,6.810894319642102e-06,0,6.794906312279636e-06
C_010_021_20230902174734_001_010_000_000.jpg,2,0,4.560704837786034e-06,0,4.529942543740617e-06
C_010_021_20230903062150_001_010_000_000.jpg,2,0,5.736043476645136e-06,0,5.722029527532868e-06
C_010_021_20230906174809_001_010_000_000.jpg,2,0,6.639411367359571e-06,0,6.6756979322235566e-06
C_010_021_20230910141750_001_010_000_000.jpg,2,0,4.598885425366461e-06,0,4.6491513785440475e-06
C_010_021_20230912160454_001_010_000_000.jpg,2,0,5.519163096323609e-06,0,5.483612312673358e-06
C_011_026_20230903072244_001_011_000_000.jpg,2,0,4.678922323364532e-06,0,4.6491513785440475e-06
C_011_026_20230905084127_001_011_000_000.jpg,2,0,6.630944881180767e-06,0,6.6756979322235566e-06
C_011_026_20230907075409_001_011_000_000.jpg,2,0,8.320315828314051e-06,0,8.34461570775602e-06
C_011_026_20230911082855_001_011_000_000.jpg,2,0,5.265780600893777e-06,0,5.245195097813848e-06
C_012_029_20230827164055_001_012_000_000.jpg,2,0,4.2565620788082015e-06,0,4.291525328881107e-06
C_012_029_20230828132942_001_012_000_000.jpg,2,0,4.589806849253364e-06,0,4.6491513785440475e-06
C_012_029_20230829152726_001_012_000_000.jpg,2,0,5.117768523632549e-06,0,5.125986263010418e-06
C_012_029_20230831142949_001_012_000_000.jpg,2,0,4.6299896894197445e-06,0,4.6491513785440475e-06
C_012_029_20230906161554_001_012_000_000.jpg,2,0,6.164693331811577e-06,0,6.198863957251888e-06
C_012_029_20230906165126_001_012_000_000.jpg,2,0,5.245936335995793e-06,0,5.245195097813848e-06
C_012_029_20230907065031_001_012_000_000.jpg,2,0,5.366433924791636e-06,0,5.364403477869928e-06
C_012_029_20230908181102_001_012_000_000.jpg,2,0,7.018065844022203e-06,0,7.033323527139146e-06
