filename,fold,y_true,score,pred
B_001_001_20230819185339_001_002_000_003.jpg,0,1,-14.782672956878065,1
B_001_001_20230819221722_001_002_000_003.jpg,0,1,-15.129023533241421,1
B_001_001_20230819222852_001_003_000_003.jpg,0,1,-15.379782284007353,1
B_001_001_20230820211410_001_002_000_003.jpg,0,1,-14.276476093367034,1
B_001_001_20230820212924_001_002_000_003.jpg,0,1,-19.003625009574144,0
B_001_001_20230821180326_001_004_000_003.jpg,0,1,-16.725703220741423,1
B_001_001_20230821185038_001_002_000_003.jpg,0,1,-14.887049057904411,1
B_001_001_20230821221829_001_003_000_003.jpg,0,1,-16.355321547564337,1
B_001_001_20230822205550_001_002_000_003.jpg,0,1,-16.5899658203125,1
B_001_001_20230912181039_001_001_000_003.jpg,0,1,-29.94912540211397,0
B_001_002_20230819221724_001_004_000_003.jpg,0,1,-16.159440582873774,1
B_001_002_20230819225453_001_001_000_003.jpg,0,1,-16.840000526577818,1
B_001_002_20230820191227_001_002_000_003.jpg,0,1,-17.50579833984375,1
B_001_002_20230820193633_001_002_000_003.jpg,0,1,-16.680734671798408,1
B_001_002_20230820202429_001_001_000_003.jpg,0,1,-13.898243623621324,1
B_001_002_20230820214139_001_002_000_003.jpg,0,1,-14.249243642769608,1
B_001_002_20230820215655_001_004_000_003.jpg,0,1,-18.799725700827207,1
B_001_002_20230820221705_001_001_000_003.jpg,0,1,-15.835589240579043,1
B_001_002_20230820224146_001_002_000_003.jpg,0,1,-17.104498171338847,1
B_001_002_20230820225111_001_004_000_003.jpg,0,1,-15.710820216758579,1
B_001_002_20230821191024_001_003_000_003.jpg,0,1,-17.035851572074144,1
B_001_002_20230821205339_001_002_000_003.jpg,0,1,-14.60546755323223,1
B_001_002_20230821205804_001_004_000_003.jpg,0,1,-16.78076052198223,1
B_001_002_20230821210014_001_001_000_003.jpg,0,1,-13.284900141697303,1
B_001_002_20230822181439_001_001_000_003.jpg,0,1,-16.49838316674326,1
B_001_002_20230822203742_001_002_000_003.jpg,0,1,-17.775525859757966,1
B_001_003_20230819183447_001_002_000_003.jpg,0,1,-14.87222708907782,1
B_001_003_20230819192526_001_002_000_003.jpg,0,1,-16.21057248583027,1
B_001_003_20230820205522_001_002_000_003.jpg,0,1,-14.495777803308824,1
B_001_003_20230821182102_001_002_000_003.jpg,0,1,-17.520542518765318,1
B_001_003_20230821184703_001_002_000_003.jpg,0,1,-18.551031374463847,1
B_001_003_20230821194137_001_002_000_003.jpg,0,1,-15.583226821001839,1
B_001_003_20230822194612_001_003_000_003.jpg,0,1,-16.421909706265318,1
B_001_003_20230822201225_001_003_000_003.jpg,0,1,-15.56671142578125,1
B_001_003_20230822202319_001_001_000_003.jpg,0,1,-17.639632879518995,1
B_001_003_20230822210731_001_004_000_003.jpg,0,1,-13.248859480315565,1
B_001_004_20230819183239_001_001_000_003.jpg,0,1,-15.24129830154718,1
B_001_004_20230819191226_001_001_000_003.jpg,0,1,-16.282151166130514,1
B_001_004_20230819193458_001_004_000_003.jpg,0,1,-16.23055252374387,1
B_001_004_20230819205910_001_002_000_003.jpg,0,1,-15.535751043581495,1
B_001_004_20230819222731_001_004_000_003.jpg,0,1,-15.618884516697303,1
B_001_004_20230819223652_001_004_000_003.jpg,0,1,-18.187800388710173,1
B_001_004_20230820181259_001_002_000_003.jpg,0,1,-16.9538849475337,1
B_001_004_20230820192408_001_001_000_003.jpg,0,1,-18.788494035309437,1
B_001_004_20230820201508_001_004_000_003.jpg,0,1,-16.820612888710173,1
B_001_004_20230820221753_001_003_000_003.jpg,0,1,-14.485012877221202,1
B_001_004_20230821202749_001_004_000_003.jpg,0,1,-17.97593060661765,1
B_001_004_20230821203707_001_002_000_003.jpg,0,1,-16.3548189051011,1
B_001_004_20230821223512_001_004_000_003.jpg,0,1,-16.04880538641238,1
B_001_004_20230821224351_001_001_000_003.jpg,0,1,-15.599263509114584,1
B_001_004_20230822195118_001_001_000_003.jpg,0,1,-15.056254069010416,1
B_001_004_20230822212248_001_002_000_003.jpg,0,1,-15.377658021216298,1
B_001_004_20230912144417_001_001_000_003.jpg,0,1,-29.383754356234682,0
B_001_005_20230820185133_001_001_000_003.jpg,0,1,-19.129435221354168,0
B_001_005_20230820191819_001_003_000_003.jpg,0,1,-16.87996658624387,1
B_001_005_20230820204814_001_003_000_003.jpg,0,1,-18.152759028416053,1
B_001_005_20230904142517_001_001_000_003.jpg,0,1,-18.378086464077818,1
B_001_007_20230903092632_001_004_000_003.jpg,0,1,-17.453511555989582,1
B_001_008_20230908093555_001_003_000_003.jpg,0,1,-23.721349379595587,0
B_001_008_20230908093600_001_003_000_003.jpg,0,1,-23.7025541417739,0
B_001_009_20230912145529_001_001_000_003.jpg,0,1,-30.391881606158087,0
B_001_012_20230820221008_001_004_000_003.jpg,0,1,-16.270500631893384,1
B_001_012_20230820225422_001_004_000_003.jpg,0,1,-14.359214633118873,1
B_001_012_20230821181145_001_002_000_003.jpg,0,1,-17.16229008693321,1
B_001_012_20230821185940_001_002_000_003.jpg,0,1,-16.668665268841913,1
B_001_012_20230821191717_001_001_000_003.jpg,0,1,-17.333936504289216,1
B_001_012_20230821194109_001_004_000_003.jpg,0,1,-17.44937073950674,1
B_001_012_20230821203719_001_001_000_003.jpg,0,1,-15.167810776654411,1
B_001_012_20230821224154_001_002_000_003.jpg,0,1,-16.369910146675856,1
B_001_013_20230819191617_001_002_000_003.jpg,0,1,-16.618670295266543,1
B_001_013_20230819205758_001_002_000_003.jpg,0,1,-15.66229128370098,1
B_001_013_20230820213615_001_001_000_003.jpg,0,1,-16.922074860217524,1
B_001_016_20230909084151_001_003_000_003.jpg,0,1,-18.249003092447918,1
B_001_016_20230909084350_001_001_000_003.jpg,0,1,-18.194454417509192,1
B_001_016_20230909084355_001_001_000_003.jpg,0,1,-18.203119016161153,1
B_001_018_20230819184527_001_004_000_003.jpg,0,1,-13.952870088465074,1
B_001_018_20230819185613_001_001_000_003.jpg,0,1,-15.245804132199755,1
B_001_018_20230819193854_001_001_000_003.jpg,0,1,-15.699079924938726,1
B_001_018_20230819223756_001_002_000_003.jpg,0,1,-15.41567933325674,1
B_001_018_20230819225648_001_002_000_003.jpg,0,1,-18.0442839977788,1
B_001_019_20230819201520_001_001_000_003.jpg,0,1,-14.796262254901961,1
B_001_019_20230819203111_001_004_000_003.jpg,0,1,-15.824351591222426,1
B_001_019_20230819215315_001_001_000_003.jpg,0,1,-16.86911190257353,1
B_001_019_20230819220318_001_001_000_003.jpg,0,1,-17.185650993795957,1
B_001_019_20230819222752_001_003_000_003.jpg,0,1,-16.788497625612745,1
B_001_019_20230819225941_001_001_000_003.jpg,0,1,-15.569104961320466,1
B_001_020_20230819184150_001_003_000_003.jpg,0,1,-14.383096133961397,1
B_001_020_20230819184655_001_003_000_003.jpg,0,1,-16.200525620404413,1
B_001_020_20230819195835_001_001_000_003.jpg,0,1,-16.687969132965687,1
B_001_020_20230819212834_001_001_000_003.jpg,0,1,-16.293909409466913,1
B_001_020_20230819213633_001_003_000_003.jpg,0,1,-18.55510636871936,1
B_001_020_20230819222710_001_001_000_003.jpg,0,1,-17.79529646331189,1
B_001_021_20230819195920_001_002_000_003.jpg,0,1,-14.208511651731005,1
B_001_021_20230819203537_001_004_000_003.jpg,0,1,-15.934089211856618,1
B_001_021_20230819222630_001_001_000_003.jpg,0,1,-16.09394148284314,1
B_001_021_20230819223718_001_004_000_003.jpg,0,1,-18.919540106081495,0
B_001_021_20230819224016_001_003_000_003.jpg,0,1,-15.447573194316789,1
B_001_022_20230819182345_001_003_000_003.jpg,0,1,-15.972361845128676,1
B_001_022_20230819184532_001_001_000_003.jpg,0,1,-17.126877728630514,1
B_001_022_20230819210101_001_001_000_003.jpg,0,1,-16.946788114659928,1
B_001_023_20230819190918_001_003_000_003.jpg,0,1,-17.872631596583947,1
B_001_023_20230821190718_001_003_000_003.jpg,0,1,-16.311053107766543,1
B_001_023_20230821211002_001_003_000_003.jpg,0,1,-15.880258597579656,1
B_001_023_20230821215215_001_002_000_003.jpg,0,1,-16.100212545955884,1
B_001_023_20230821225056_001_004_000_003.jpg,0,1,-15.45742857689951,1
B_001_023_20230822180133_001_003_000_003.jpg,0,1,-18.312934426700366,1
B_001_023_20230822190514_001_004_000_003.jpg,0,1,-18.00826727175245,1
B_001_023_20230822193717_001_003_000_003.jpg,0,1,-16.383924297257966,1
B_001_023_20230822205709_001_003_000_003.jpg,0,1,-15.181406058517156,1
B_001_023_20230912105433_001_001_000_003.jpg,0,1,-30.595828785615808,0
B_001_024_20230819183057_001_003_000_003.jpg,0,1,-16.099506452971813,1
B_001_024_20230819191506_001_002_000_003.jpg,0,1,-16.750464345894606,1
B_001_024_20230819221503_001_003_000_003.jpg,0,1,-15.36733589920343,1
B_001_024_20230819222424_001_002_000_003.jpg,0,1,-18.71932684206495,1
B_001_024_20230820182214_001_002_000_003.jpg,0,1,-15.497747683057598,1
B_001_024_20230820184402_001_001_000_003.jpg,0,1,-14.369225595511642,1
B_001_024_20230820192946_001_001_000_003.jpg,0,1,-17.06429275811887,1
B_001_025_20230819195212_001_001_000_003.jpg,0,1,-15.546869016161152,1
B_001_025_20230819215743_001_002_000_003.jpg,0,1,-17.203548655790442,1
B_001_025_20230821220220_001_004_000_003.jpg,0,1,-16.625408097809437,1
B_001_025_20230828111459_001_001_000_003.jpg,0,1,-22.371880026424634,0
B_001_025_20230829163424_001_001_000_003.jpg,0,1,-20.57781144684436,0
B_001_026_20230819191804_001_001_000_003.jpg,0,1,-16.859663421032476,1
B_001_026_20230819205732_001_001_000_003.jpg,0,1,-15.847963819316789,1
B_001_026_20230819224652_001_003_000_003.jpg,0,1,-18.299189548866423,1
B_001_026_20230819225615_001_001_000_003.jpg,0,1,-16.670358695235908,1
B_001_026_20230820195606_001_002_000_003.jpg,0,1,-22.96679926853554,0
B_001_026_20230820213553_001_001_000_003.jpg,0,1,-16.4204376819087,1
B_001_027_20230819184245_001_001_000_003.jpg,0,1,-18.185448740042894,1
B_001_027_20230819185500_001_001_000_003.jpg,0,1,-16.116380878523284,1
B_001_027_20230819191050_001_004_000_003.jpg,0,1,-16.43363204656863,1
B_001_027_20230819193023_001_001_000_003.jpg,0,1,-15.449392281326594,1
B_001_027_20230819194542_001_003_000_003.jpg,0,1,-16.368695427389707,1
B_001_027_20230819222554_001_003_000_003.jpg,0,1,-15.85177552466299,1
B_001_027_20230819225403_001_003_000_003.jpg,0,1,-19.485730937882966,0
B_001_027_20230820221616_001_003_000_003.jpg,0,1,-15.484535366881127,1
B_001_027_20230821181209_001_003_000_003.jpg,0,1,-16.028651817172182,1
B_001_029_20230819184709_001_003_000_003.jpg,0,1,-15.371985341988358,1
B_001_029_20230819191557_001_001_000_003.jpg,0,1,-15.671368767233457,1
B_001_029_20230819205015_001_002_000_003.jpg,0,1,-15.899837718290442,1
B_001_029_20230819205229_001_004_000_003.jpg,0,1,-15.008138020833334,1
B_001_030_20230819211040_001_001_000_003.jpg,0,1,-17.194255754059437,1
B_001_030_20230820192238_001_001_000_003.jpg,0,1,-15.076192220052084,1
B_001_030_20230820220406_001_001_000_003.jpg,0,1,-16.70684814453125,1
B_001_030_20230912161003_001_001_000_003.jpg,0,1,-35.539419136795345,0
C_001_021_20230904124851_001_001_000_003.jpg,0,1,-72.66041475183823,0
C_001_021_20230904125603_001_001_000_003.jpg,0,1,-72.81697591145833,0
C_001_021_20230904213302_001_001_000_003.jpg,0,1,-72.98774868834252,0
C_001_021_20230904213706_001_001_000_003.jpg,0,1,-72.7807258157169,0
C_001_021_20230917140119_001_001_000_003.jpg,0,1,-72.95671051623775,0
C_001_021_20230917142047_001_001_000_003.jpg,0,1,-72.7516383750766,0
C_001_021_20231001211427_001_001_000_003.jpg,0,1,-72.49031216490502,0
C_001_021_20231001213103_001_001_000_003.jpg,0,1,-73.22344611672794,0
C_001_021_20231001235257_001_001_000_003.jpg,0,1,-72.5122189989277,0
C_001_021_20231001235405_001_001_000_003.jpg,0,1,-72.33266194661458,0
C_001_022_20230821190418_001_001_000_003.jpg,0,1,-50.599203670726105,0
C_001_022_20230821192322_001_001_000_003.jpg,0,1,-49.700508865655635,0
C_001_022_20230904223316_001_001_000_003.jpg,0,1,-73.14010320925244,0
C_001_022_20230904223530_001_001_000_003.jpg,0,1,-73.12690286075367,0
C_001_022_20230904223952_001_001_000_003.jpg,0,1,-72.76634066712623,0
C_001_022_20230904230246_001_001_000_003.jpg,0,1,-73.41062657973346,0
C_001_022_20230904231620_001_001_000_003.jpg,0,1,-72.59884703393077,0
C_001_023_20230903112915_001_001_000_003.jpg,0,1,-72.62804816750919,0
C_001_023_20230904133037_001_001_000_003.jpg,0,1,-72.07741531671262,0
C_001_023_20230904133213_001_001_000_003.jpg,0,1,-72.13444728477329,0
C_002_001_20230819131224_001_001_000_003.jpg,0,1,-49.27976720473345,0
C_002_023_20230821193632_001_001_000_003.jpg,0,1,-50.14041077856924,0
B_001_001_20230907111158_001_004_000_000.jpg,0,0,-26.691421807981005,0
B_001_001_20230910105435_001_003_000_000.jpg,0,0,-23.49621342677696,0
B_001_003_20230823082924_001_002_000_000.jpg,0,0,-19.6577543370864,0
B_001_003_20230829131553_001_003_000_000.jpg,0,0,-34.16482962814032,0
B_001_005_20230820200754_001_004_000_000.jpg,0,0,-15.661710851332721,1
B_001_005_20230825083223_001_003_000_000.jpg,0,0,-17.588159897748163,1
B_001_005_20230827132449_001_003_000_000.jpg,0,0,-16.0791015625,1
B_001_006_20230825133534_001_004_000_000.jpg,0,0,-28.47983565984988,0
B_001_006_20230828082609_001_002_000_000.jpg,0,0,-22.725459080116423,0
B_001_007_20230826090335_001_001_000_000.jpg,0,0,-17.240726246553308,1
B_001_007_20230906151913_001_001_000_000.jpg,0,0,-25.924754423253678,0
B_001_008_20230910135407_001_003_000_000.jpg,0,0,-22.98592361749387,0
B_001_010_20230906091357_001_003_000_000.jpg,0,0,-17.923901127833947,1
B_001_011_20230904153336_001_001_000_000.jpg,0,0,-23.447738348268995,0
B_001_011_20230909142653_001_003_000_000.jpg,0,0,-31.059360878140318,0
B_001_012_20230820115323_001_002_000_000.jpg,0,0,-29.695255055147058,0
B_001_012_20230826143225_001_002_000_000.jpg,0,0,-28.467335420496322,0
B_001_012_20230901132221_001_003_000_000.jpg,0,0,-22.222559311810663,0
B_001_012_20230904153959_001_003_000_000.jpg,0,0,-21.668330173866423,0
B_001_012_20230907142616_001_001_000_000.jpg,0,0,-23.08059991574755,0
B_001_013_20230901133944_001_003_000_000.jpg,0,0,-19.806745940563726,0
B_001_013_20230910142250_001_004_000_000.jpg,0,0,-17.30951047411152,1
B_001_015_20230831152816_001_004_000_000.jpg,0,0,-15.152827244178921,1
B_001_015_20230909082731_001_004_000_000.jpg,0,0,-37.34309177772671,0
B_001_015_20230909145357_001_002_000_000.jpg,0,0,-18.154841404335173,1
B_001_018_20230826103249_001_003_000_000.jpg,0,0,-13.071241191789216,1
B_001_018_20230827151808_001_004_000_000.jpg,0,0,-16.87182856541054,1
B_001_018_20230909085843_001_004_000_000.jpg,0,0,-23.90888288909314,0
B_001_019_20230824101340_001_001_000_000.jpg,0,0,-24.94570863013174,0
B_001_019_20230824101352_001_003_000_000.jpg,0,0,-23.299506692325366,0
B_001_019_20230825102333_001_002_000_000.jpg,0,0,-24.927709242876837,0
B_001_022_20230824102655_001_004_000_000.jpg,0,0,-16.18365717869179,1
B_001_022_20230908133419_001_002_000_000.jpg,0,0,-22.803033566942403,0
B_001_022_20230908134025_001_001_000_000.jpg,0,0,-27.41418576708027,0
B_001_023_20230820090148_001_001_000_000.jpg,0,0,-19.920690199908087,0
B_001_023_20230821111634_001_002_000_000.jpg,0,0,-19.16482364430147,0
B_001_023_20230907155815_001_003_000_000.jpg,0,0,-26.757638968673408,0
B_001_023_20230910155035_001_001_000_000.jpg,0,0,-27.772593778722428,0
B_001_024_20230909162709_001_003_000_000.jpg,0,0,-28.671875,0
B_001_024_20230910155651_001_002_000_000.jpg,0,0,-29.05041264552696,0
B_001_025_20230907161231_001_001_000_000.jpg,0,0,-18.85727826286765,0
B_001_025_20230909104609_001_003_000_000.jpg,0,0,-25.815058689491423,0
B_001_026_20230905103507_001_002_000_000.jpg,0,0,-23.286617503446692,0
B_001_027_20230829112851_001_002_000_000.jpg,0,0,-24.967699237898284,0
B_001_028_20230826164149_001_004_000_000.jpg,0,0,-24.32794309129902,0
B_001_028_20230907162943_001_003_000_000.jpg,0,0,-35.72123808019302,0
B_001_029_20230907163319_001_001_000_000.jpg,0,0,-22.60109695733762,0
C_001_002_20230829145715_001_001_000_000.jpg,0,0,-73.42474245557598,0
C_001_013_20230822164044_001_001_000_000.jpg,0,0,-50.65232819201899,0
C_001_017_20231011133646_001_001_000_000.jpg,0,0,-73.28819125306373,0
C_001_018_20230826160933_001_001_000_000.jpg,0,0,-72.93415742761948,0
C_001_018_20230826162125_001_001_000_000.jpg,0,0,-73.02041446461396,0
C_001_018_20231012111524_001_001_000_000.jpg,0,0,-72.67865349264706,0
C_001_018_20231012114428_001_001_000_000.jpg,0,0,-72.81667671951593,0
C_001_018_20231012143714_001_001_000_000.jpg,0,0,-73.68476418887867,0
C_001_018_20231012150622_001_001_000_000.jpg,0,0,-73.54394650926777,0
C_001_018_20231012153632_001_001_000_000.jpg,0,0,-72.96381931678921,0
C_001_018_20231012161804_001_001_000_000.jpg,0,0,-73.88796937231923,0
C_001_018_20231012162240_001_001_000_000.jpg,0,0,-73.22955561619179,0
C_001_019_20231013104650_001_001_000_000.jpg,0,0,-73.04789225260417,0
C_001_019_20231013134852_001_001_000_000.jpg,0,0,-73.14915077359069,0
C_001_019_20231013135444_001_001_000_000.jpg,0,0,-72.91857551125919,0
C_001_019_20231013144757_001_001_000_000.jpg,0,0,-73.05754418466606,0
C_001_019_20231013145309_001_001_000_000.jpg,0,0,-72.88057215073529,0
C_001_019_20231013152347_001_001_000_000.jpg,0,0,-73.45804251876532,0
C_001_019_20231013161221_001_001_000_000.jpg,0,0,-73.45999325022979,0
C_001_019_20231013163521_001_001_000_000.jpg,0,0,-73.26631433823529,0
C_001_019_20231013164317_001_001_000_000.jpg,0,0,-72.82120050168506,0
C_002_001_20230909110033_001_001_000_000.jpg,0,0,-74.01467715992646,0
C_002_001_20231011102307_001_002_000_000.jpg,0,0,-72.79470406326593,0
C_002_001_20231011112308_001_002_000_000.jpg,0,0,-73.45241172640931,0
C_002_001_20231011131133_001_002_000_000.jpg,0,0,-72.55515902650123,0
C_002_001_20231011132754_001_002_000_000.jpg,0,0,-73.17911783854167,0
C_002_001_20231011153645_001_002_000_000.jpg,0,0,-73.84775199142157,0
C_002_002_20230909154257_001_001_000_000.jpg,0,0,-72.76831533394608,0
C_002_002_20231012092226_001_002_000_000.jpg,0,0,-72.98693488625919,0
C_002_002_20231012143034_001_002_000_000.jpg,0,0,-73.04417628867954,0
C_002_002_20231012143424_001_002_000_000.jpg,0,0,-72.65100815716912,0
C_002_002_20231012161523_001_002_000_000.jpg,0,0,-73.01076851639093,0
C_002_003_20231013081500_001_002_000_000.jpg,0,0,-73.38767855775123,0
C_002_003_20231013103401_001_002_000_000.jpg,0,0,-72.56654627182904,0
C_002_003_20231013132759_001_002_000_000.jpg,0,0,-72.71855971392463,0
C_002_003_20231013145014_001_002_000_000.jpg,0,0,-72.59763231464461,0
C_002_003_20231013163343_001_002_000_000.jpg,0,0,-72.66332888135723,0
C_002_007_20230820094742_001_001_000_000.jpg,0,0,-50.53201712814032,0
C_002_012_20230828141638_001_001_000_000.jpg,0,0,-73.2076966528799,0
C_002_012_20230828143809_001_001_000_000.jpg,0,0,-72.65024820963542,0
C_002_012_20230828151757_001_001_000_000.jpg,0,0,-73.4833122702206,0
C_002_027_20230826172400_001_001_000_000.jpg,0,0,-74.20527439491421,0
C_003_001_20230904151906_001_003_000_000.jpg,0,0,-56.484213436351105,0
C_003_001_20230910160130_001_003_000_000.jpg,0,0,-55.68029665479473,0
C_003_001_20230912152046_001_003_000_000.jpg,0,0,-56.105520211014095,0
C_003_002_20230905080423_001_003_000_000.jpg,0,0,-57.911735983455884,0
C_003_003_20230904155518_001_003_000_000.jpg,0,0,-56.39948826210171,0
C_003_003_20230904171936_001_003_000_000.jpg,0,0,-56.142506318933826,0
C_004_004_20230827173124_001_004_000_000.jpg,0,0,-56.77679922066483,0
C_004_004_20230831170002_001_004_000_000.jpg,0,0,-60.97035127527573,0
C_004_004_20230910162535_001_004_000_000.jpg,0,0,-55.67203297334559,0
C_004_005_20230824095844_001_004_000_000.jpg,0,0,-58.24340221928615,0
C_004_005_20230829142824_001_004_000_000.jpg,0,0,-56.9491397633272,0
C_004_005_20230906154436_001_004_000_000.jpg,0,0,-57.33669505399816,0
C_004_005_20230907082057_001_004_000_000.jpg,0,0,-57.564625459558826,0
C_004_006_20230828085128_001_004_000_000.jpg,0,0,-58.318104463465076,0
C_004_006_20230904174029_001_004_000_000.jpg,0,0,-59.47259042777267,0
C_005_006_20230905082116_001_005_000_000.jpg,0,0,-58.5423308727788,0
C_005_006_20230910165454_001_005_000_000.jpg,0,0,-56.243142520680145,0
C_005_007_20230831153100_001_005_000_000.jpg,0,0,-56.669897939644606,0
C_005_007_20230904155644_001_005_000_000.jpg,0,0,-56.3548308727788,0
C_005_007_20230904163451_001_005_000_000.jpg,0,0,-56.188851150811885,0
C_005_008_20230831152245_001_005_000_000.jpg,0,0,-56.82745241651348,0
C_005_008_20230907085106_001_005_000_000.jpg,0,0,-57.52801633348652,0
C_005_008_20230908174319_001_005_000_000.jpg,0,0,-57.038616105621934,0
C_005_009_20230911081343_001_005_000_000.jpg,0,0,-57.72381950827206,0
C_006_009_20230827185042_001_006_000_000.jpg,0,0,-59.61952359068628,0
C_006_010_20230825165936_001_006_000_000.jpg,0,0,-57.24648868336397,0
C_006_010_20230831144344_001_006_000_000.jpg,0,0,-57.035725911458336,0
C_006_010_20230902190737_001_006_000_000.jpg,0,0,-57.08123898973652,0
C_006_010_20230904160625_001_006_000_000.jpg,0,0,-56.273031795726105,0
C_006_010_20230905072554_001_006_000_000.jpg,0,0,-58.39845545151655,0
C_006_011_20230903074114_001_006_000_000.jpg,0,0,-57.03204585056679,0
C_006_011_20230904161119_001_006_000_000.jpg,0,0,-56.21547923368566,0
C_006_012_20230906155811_001_006_000_000.jpg,0,0,-57.14465571384804,0
C_006_012_20230906163353_001_006_000_000.jpg,0,0,-56.80378633386948,0
C_006_012_20230907064844_001_006_000_000.jpg,0,0,-57.813744638480394,0
C_007_013_20230904152327_001_007_000_000.jpg,0,0,-56.58143884995405,0
C_007_013_20230904171926_001_007_000_000.jpg,0,0,-56.392235849417894,0
C_007_013_20230912155731_001_007_000_000.jpg,0,0,-56.25827564912684,0
C_007_014_20230828084412_001_007_000_000.jpg,0,0,-58.56158088235294,0
C_007_014_20230829171109_001_007_000_000.jpg,0,0,-59.21563241996017,0
C_007_014_20230903111405_001_007_000_000.jpg,0,0,-55.247018851485905,0
C_007_014_20230910170136_001_007_000_000.jpg,0,0,-55.92739928002451,0
C_008_015_20230830072850_001_008_000_000.jpg,0,0,-59.16937136182598,0
C_008_015_20230903075201_001_008_000_000.jpg,0,0,-56.43145991306679,0
C_008_016_20230825180830_001_008_000_000.jpg,0,0,-57.216258329503674,0
C_008_016_20230908194332_001_008_000_000.jpg,0,0,-58.31933115042892,0
C_008_017_20230905075623_001_008_000_000.jpg,0,0,-57.83816468481924,0
C_008_018_20230829165345_001_008_000_000.jpg,0,0,-59.50106751685049,0
C_008_018_20230902144433_001_008_000_000.jpg,0,0,-57.534095913756126,0
C_009_018_20230912160822_001_009_000_000.jpg,0,0,-56.05673397288603,0
C_009_019_20230825183547_001_009_000_000.jpg,0,0,-57.289955288756126,0
C_009_019_20230831161950_001_009_000_000.jpg,0,0,-56.6909730200674,0
C_009_019_20230910162410_001_009_000_000.jpg,0,0,-55.703166886871934,0
C_009_020_20230827151913_001_009_000_000.jpg,0,0,-56.704430673636644,0
C_009_020_20230829155422_001_009_000_000.jpg,0,0,-56.593238980162376,0
C_009_020_20230831141322_001_009_000_000.jpg,0,0,-57.386516496246934,0
C_010_021_20230825183624_001_010_000_000.jpg,0,0,-57.15548646216299,0
C_010_021_20230910141750_001_010_000_000.jpg,0,0,-55.4615753772212,0
C_010_021_20230912160454_001_010_000_000.jpg,0,0,-56.02875952627144,0
C_010_022_20230827174722_001_010_000_000.jpg,0,0,-56.58293480966606,0
C_010_022_20230830065155_001_010_000_000.jpg,0,0,-58.816247079886644,0
C_010_023_20230827161003_001_010_000_000.jpg,0,0,-56.866616641773895,0
C_010_023_20230827174700_001_010_000_000.jpg,0,0,-56.525854970894606,0
C_010_023_20230904150743_001_010_000_000.jpg,0,0,-56.84268128638174,0
C_010_024_20230906180935_001_010_000_000.jpg,0,0,-60.60943603515625,0
C_010_024_20230910145410_001_010_000_000.jpg,0,0,-55.56848264208027,0
C_011_024_20230831141736_001_011_000_000.jpg,0,0,-57.041973039215684,0
C_011_024_20230831143224_001_011_000_000.jpg,0,0,-57.11889528760723,0
C_011_024_20230908154218_001_011_000_000.jpg,0,0,-57.445211971507355,0
C_011_025_20230831142801_001_011_000_000.jpg,0,0,-57.5241029028799,0
C_011_025_20230904144624_001_011_000_000.jpg,0,0,-56.55962775735294,0
C_011_025_20230908153435_001_011_000_000.jpg,0,0,-57.28875253714767,0
C_011_026_20230907075409_001_011_000_000.jpg,0,0,-58.21737850413603,0
C_012_027_20230831192908_001_012_000_000.jpg,0,0,-58.503334195006126,0
C_012_029_20230827164055_001_012_000_000.jpg,0,0,-56.64154052734375,0
C_012_029_20230828132942_001_012_000_000.jpg,0,0,-56.947254854090076,0
C_012_029_20230906165126_001_012_000_000.jpg,0,0,-56.773855171951595,0
C_012_029_20230908181102_001_012_000_000.jpg,0,0,-56.714088589537376,0
B_001_001_20230821181213_001_004_000_003.jpg,1,1,-16.404652315027572,1
B_001_001_20230821222418_001_002_000_003.jpg,1,1,-16.273821662454043,1
B_001_001_20230822181106_001_002_000_003.jpg,1,1,-16.11156987208946,1
B_001_001_20230912131457_001_001_000_003.jpg,1,1,-29.859146417356005,0
B_001_002_20230819201411_001_001_000_003.jpg,1,1,-16.07064639820772,1
B_001_002_20230819222517_001_002_000_003.jpg,1,1,-15.342586741727942,1
B_001_002_20230820185716_001_003_000_003.jpg,1,1,-14.514794443167892,1
B_001_002_20230820201043_001_001_000_003.jpg,1,1,-17.375087364047182,1
B_001_002_20230821183109_001_004_000_003.jpg,1,1,-14.463740330116421,1
B_001_002_20230821204036_001_001_000_003.jpg,1,1,-15.994741402420344,1
B_001_002_20230821214643_001_004_000_003.jpg,1,1,-15.416588876761642,1
B_001_002_20230822185639_001_001_000_003.jpg,1,1,-16.527087641697303,1
B_001_002_20230822190230_001_001_000_003.jpg,1,1,-15.826290355009192,1
B_001_003_20230819212215_001_004_000_003.jpg,1,1,-15.09298287185968,1
B_001_003_20230820190055_001_004_000_003.jpg,1,1,-16.642288507199755,1
B_001_003_20230820192407_001_003_000_003.jpg,1,1,-14.125390146292892,1
B_001_003_20230820192657_001_004_000_003.jpg,1,1,-16.633923100490197,1
B_001_003_20230820193253_001_002_000_003.jpg,1,1,-14.572382908241421,1
B_001_003_20230820195320_001_003_000_003.jpg,1,1,-17.634935566023284,1
B_001_003_20230821190732_001_003_000_003.jpg,1,1,-13.469800762101716,1
B_001_003_20230821190815_001_001_000_003.jpg,1,1,-16.534561456418505,1
B_001_003_20230821200648_001_004_000_003.jpg,1,1,-15.056672937729779,1
B_001_003_20230821203706_001_004_000_003.jpg,1,1,-18.326290355009192,1
B_001_003_20230821204839_001_003_000_003.jpg,1,1,-15.13128542432598,1
B_001_003_20230822183337_001_003_000_003.jpg,1,1,-16.474370021446077,1
B_001_003_20230822210525_001_004_000_003.jpg,1,1,-18.598842246859682,1
B_001_003_20230822210817_001_001_000_003.jpg,1,1,-11.240162568933824,1
B_001_003_20230822211156_001_004_000_003.jpg,1,1,-15.127748975566789,1
B_001_004_20230819183449_001_001_000_003.jpg,1,1,-16.484692143458947,1
B_001_004_20230819183449_001_003_000_003.jpg,1,1,-20.337572284773284,0
B_001_004_20230819184254_001_004_000_003.jpg,1,1,-15.422620586320466,1
B_001_004_20230819220636_001_003_000_003.jpg,1,1,-17.998280244715072,1
B_001_004_20230819221305_001_001_000_003.jpg,1,1,-16.10485002106311,1
B_001_004_20230819222227_001_004_000_003.jpg,1,1,-16.379693723192403,1
B_001_004_20230819225040_001_001_000_003.jpg,1,1,-16.90127503638174,1
B_001_004_20230819225124_001_004_000_003.jpg,1,1,-15.469904880897671,1
B_001_004_20230819225206_001_003_000_003.jpg,1,1,-15.742749980851716,1
B_001_004_20230820184039_001_004_000_003.jpg,1,1,-15.67019593481924,1
B_001_004_20230820184627_001_004_000_003.jpg,1,1,-15.227409811580882,1
B_001_004_20230820191605_001_001_000_003.jpg,1,1,-14.369087967218137,1
B_001_004_20230820193845_001_002_000_003.jpg,1,1,-16.07485902075674,1
B_001_004_20230821185249_001_002_000_003.jpg,1,1,-17.09397259880515,1
B_001_004_20230821210725_001_003_000_003.jpg,1,1,-14.653104894301471,1
B_001_004_20230822184804_001_001_000_003.jpg,1,1,-17.027462230009192,1
B_001_004_20230822200714_001_001_000_003.jpg,1,1,-15.419514973958334,1
B_001_004_20230824193216_001_001_000_003.jpg,1,1,-16.581013997395832,1
B_001_004_20230908152003_001_004_000_003.jpg,1,1,-19.804615693933822,0
B_001_005_20230820184841_001_004_000_003.jpg,1,1,-17.43798947801777,1
B_001_005_20230820185047_001_002_000_003.jpg,1,1,-16.77837895412071,1
B_001_007_20230903093414_001_004_000_003.jpg,1,1,-15.716941683900123,1
B_001_009_20230902100119_001_002_000_003.jpg,1,1,-20.741642970664827,0
B_001_012_20230821211028_001_001_000_003.jpg,1,1,-14.748762542126226,1
B_001_012_20230821221039_001_004_000_003.jpg,1,1,-15.93691956763174,1
B_001_012_20230822202629_001_002_000_003.jpg,1,1,-16.730280857460173,1
B_001_012_20230822211756_001_001_000_003.jpg,1,1,-14.749043782552084,1
B_001_013_20230819214211_001_001_000_003.jpg,1,1,-14.477120193780637,1
B_001_013_20230819225511_001_004_000_003.jpg,1,1,-17.72070192823223,1
B_001_013_20230820205117_001_001_000_003.jpg,1,1,-14.26977419385723,1
B_001_016_20230909084107_001_004_000_003.jpg,1,1,-23.746206246170342,0
B_001_018_20230819185152_001_004_000_003.jpg,1,1,-15.80166685814951,1
B_001_018_20230819212154_001_001_000_003.jpg,1,1,-17.338262819776347,1
B_001_018_20230819223043_001_001_000_003.jpg,1,1,-14.238167557061887,1
B_001_018_20230819225351_001_003_000_003.jpg,1,1,-14.503413181678921,1
B_001_018_20230821195335_001_004_000_003.jpg,1,1,-16.453725777420342,1
B_001_018_20230912153845_001_001_000_003.jpg,1,1,-31.197509765625,0
B_001_019_20230819190159_001_004_000_003.jpg,1,1,-16.42653521369485,1
B_001_019_20230819192004_001_002_000_003.jpg,1,1,-14.523261575137868,1
B_001_019_20230819200254_001_003_000_003.jpg,1,1,-14.463728362438726,1
B_001_019_20230819200719_001_002_000_003.jpg,1,1,-16.0679536707261,1
B_001_019_20230819202026_001_004_000_003.jpg,1,1,-16.57681334252451,1
B_001_019_20230819203407_001_001_000_003.jpg,1,1,-17.145619111902572,1
B_001_019_20230819214723_001_001_000_003.jpg,1,1,-15.306719611672793,1
B_001_020_20230819185615_001_002_000_003.jpg,1,1,-15.555731081495098,1
B_001_020_20230819192214_001_004_000_003.jpg,1,1,-15.917430204503676,1
B_001_020_20230904164255_001_001_000_003.jpg,1,1,-24.687942804074755,0
B_001_021_20230819183433_001_004_000_003.jpg,1,1,-17.140700396369486,1
B_001_021_20230819185409_001_004_000_003.jpg,1,1,-13.25259339575674,1
B_001_021_20230819193227_001_004_000_003.jpg,1,1,-17.99215877757353,1
B_001_021_20230819194238_001_001_000_003.jpg,1,1,-13.059590657552084,1
B_001_021_20230819220157_001_002_000_003.jpg,1,1,-17.836471258425245,1
B_001_021_20230819224226_001_004_000_003.jpg,1,1,-13.900409773284315,1
B_001_022_20230819184825_001_001_000_003.jpg,1,1,-17.1354705212163,1
B_001_022_20230819185032_001_001_000_003.jpg,1,1,-16.680734671798408,1
B_001_022_20230819185536_001_004_000_003.jpg,1,1,-14.802060594745711,1
B_001_022_20230819191210_001_003_000_003.jpg,1,1,-17.857989142922793,1
B_001_022_20230819192341_001_001_000_003.jpg,1,1,-15.644124348958334,1
B_001_022_20230819203619_001_003_000_003.jpg,1,1,-17.810603123085173,1
B_001_022_20230819211404_001_004_000_003.jpg,1,1,-17.417405072380514,1
B_001_022_20230819211952_001_003_000_003.jpg,1,1,-16.355154000076592,1
B_001_023_20230819183223_001_001_000_003.jpg,1,1,-14.948144052542892,1
B_001_023_20230819193359_001_003_000_003.jpg,1,1,-14.313737457873774,1
B_001_023_20230819211614_001_004_000_003.jpg,1,1,-16.7399627087163,1
B_001_023_20230819214016_001_003_000_003.jpg,1,1,-15.881084367340685,1
B_001_023_20230821190802_001_004_000_003.jpg,1,1,-15.90295529833027,1
B_001_023_20230821192319_001_002_000_003.jpg,1,1,-17.542598948759192,1
B_001_023_20230821210255_001_004_000_003.jpg,1,1,-18.191217160692403,1
B_001_023_20230821211002_001_002_000_003.jpg,1,1,-14.968884037990197,1
B_001_023_20230821221013_001_001_000_003.jpg,1,1,-16.400325999540442,1
B_001_023_20230821222910_001_004_000_003.jpg,1,1,-15.467828488817402,1
B_001_023_20230821223625_001_004_000_003.jpg,1,1,-18.015400007659313,1
B_001_023_20230822182441_001_003_000_003.jpg,1,1,-15.463879155177697,1
B_001_023_20230822191441_001_002_000_003.jpg,1,1,-16.809405158547793,1
B_001_023_20230822195400_001_004_000_003.jpg,1,1,-15.893704283471202,1
B_001_024_20230819191257_001_003_000_003.jpg,1,1,-16.7576629040288,1
B_001_024_20230819200431_001_003_000_003.jpg,1,1,-16.341289445465687,1
B_001_024_20230819205941_001_001_000_003.jpg,1,1,-16.135900160845587,1
B_001_024_20230820185201_001_002_000_003.jpg,1,1,-19.582471660539216,0
B_001_024_20230902135704_001_004_000_003.jpg,1,1,-20.215184828814337,0
B_001_025_20230819221925_001_004_000_003.jpg,1,1,-17.16525208716299,1
B_001_025_20230821215010_001_001_000_003.jpg,1,1,-14.806416829427084,1
B_001_025_20230822212321_001_002_000_003.jpg,1,1,-13.785633760340074,1
B_001_025_20230822212403_001_001_000_003.jpg,1,1,-16.62245806525735,1
B_001_025_20230827103306_001_002_000_003.jpg,1,1,-19.604264801623774,0
B_001_025_20230828111747_001_003_000_003.jpg,1,1,-18.2636994006587,1
B_001_025_20230912110452_001_001_000_003.jpg,1,1,-31.4469819910386,0
B_001_025_20230912155841_001_001_000_003.jpg,1,1,-30.680338541666668,0
B_001_026_20230819184200_001_003_000_003.jpg,1,1,-16.800429400275736,1
B_001_026_20230819200304_001_002_000_003.jpg,1,1,-17.155013738893995,1
B_001_026_20230819204424_001_003_000_003.jpg,1,1,-17.157036276424634,1
B_001_026_20230820191136_001_003_000_003.jpg,1,1,-15.045219870174632,1
B_001_026_20230820192607_001_001_000_003.jpg,1,1,-15.332653569240197,1
B_001_026_20230820192649_001_001_000_003.jpg,1,1,-15.698966232000613,1
B_001_026_20230820211155_001_002_000_003.jpg,1,1,-14.393926882276348,1
B_001_026_20230820211155_001_004_000_003.jpg,1,1,-14.12838804955576,1
B_001_026_20230820212749_001_004_000_003.jpg,1,1,-18.25851141237745,1
B_001_027_20230819203754_001_002_000_003.jpg,1,1,-17.36980961818321,1
B_001_027_20230819223940_001_004_000_003.jpg,1,1,-16.728838752297793,1
B_001_027_20230912113347_001_001_000_003.jpg,1,1,-30.331133674172793,0
B_001_027_20230912130135_001_001_000_003.jpg,1,1,-31.0172944910386,0
B_001_028_20230819211622_001_003_000_003.jpg,1,1,-16.72888063916973,1
B_001_028_20230819213728_001_001_000_003.jpg,1,1,-18.237370509727327,1
B_001_028_20230819221131_001_002_000_003.jpg,1,1,-15.258076985677084,1
B_001_028_20230819223515_001_001_000_003.jpg,1,1,-17.252933277803308,1
B_001_028_20230821115455_001_002_000_003.jpg,1,1,-19.30465399050245,1
B_001_028_20230823105656_001_001_000_003.jpg,1,1,-17.577562519148284,1
B_001_028_20230902144649_001_003_000_003.jpg,1,1,-16.467273188572303,1
B_001_028_20230912160629_001_001_000_003.jpg,1,1,-30.082726572074144,0
B_001_029_20230819192146_001_003_000_003.jpg,1,1,-17.202722886029413,1
B_001_029_20230819201408_001_001_000_003.jpg,1,1,-18.365472531786153,1
B_001_029_20230819201959_001_002_000_003.jpg,1,1,-13.009254605162377,1
B_001_029_20230819202834_001_004_000_003.jpg,1,1,-18.052930644914216,1
B_001_030_20230820225406_001_001_000_003.jpg,1,1,-14.841158997778798,1
B_001_030_20230912161011_001_001_000_003.jpg,1,1,-31.006733015471813,0
C_001_021_20230904204921_001_001_000_003.jpg,1,1,-73.47184723498775,0
C_001_021_20230904211403_001_001_000_003.jpg,1,1,-73.1532497032016,0
C_001_021_20230904213624_001_001_000_003.jpg,1,1,-73.06540096507354,0
C_001_021_20230904214702_001_001_000_003.jpg,1,1,-72.93430103975184,0
C_001_021_20230917140447_001_001_000_003.jpg,1,1,-72.83046946806066,0
C_001_021_20230917142503_001_001_000_003.jpg,1,1,-72.89212694355086,0
C_001_021_20231001204603_001_001_000_003.jpg,1,1,-73.18961947571998,0
C_001_021_20231001205157_001_001_000_003.jpg,1,1,-72.70626890893077,0
C_001_021_20231001215257_001_001_000_003.jpg,1,1,-72.74089140050552,0
C_001_021_20231001220817_001_001_000_003.jpg,1,1,-72.95173794615502,0
C_001_021_20231001231713_001_001_000_003.jpg,1,1,-72.8711057176777,0
C_001_021_20231001234951_001_001_000_003.jpg,1,1,-72.39008286420037,0
C_001_021_20231001235705_001_001_000_003.jpg,1,1,-72.9334992053462,0
C_001_022_20230821185842_001_001_000_003.jpg,1,1,-49.861001407398895,0
C_001_022_20230821191632_001_001_000_003.jpg,1,1,-50.169396493949144,0
C_001_022_20230831151225_001_001_000_003.jpg,1,1,-72.31373506433823,0
C_001_022_20230831153317_001_001_000_003.jpg,1,1,-72.53241445503983,0
C_001_022_20230901150654_001_001_000_003.jpg,1,1,-72.89194742838542,0
C_001_022_20230904131933_001_001_000_003.jpg,1,1,-72.37485997817096,0
C_001_022_20230904223128_001_001_000_003.jpg,1,1,-73.17771163641238,0
C_001_022_20230904233410_001_001_000_003.jpg,1,1,-72.51437916475184,0
C_001_022_20230904233532_001_001_000_003.jpg,1,1,-73.16564223345588,0
C_001_023_20230904133045_001_001_000_003.jpg,1,1,-72.3942595837163,0
C_002_003_20230819140236_001_001_000_003.jpg,1,1,-53.43252742991728,0
B_001_001_20230905140435_001_002_000_000.jpg,1,0,-33.1723082299326,0
B_001_001_20230909115725_001_003_000_000.jpg,1,0,-17.313549565333947,1
B_001_002_20230908145202_001_001_000_000.jpg,1,0,-30.562026079963236,0
B_001_003_20230823082835_001_004_000_000.jpg,1,0,-17.819417317708332,1
B_001_003_20230823134318_001_002_000_000.jpg,1,0,-20.500260895373774,0
B_001_004_20230910113658_001_004_000_000.jpg,1,0,-25.797214882046568,0
B_001_004_20230910113855_001_004_000_000.jpg,1,0,-25.48886168236826,0
B_001_005_20230907120004_001_002_000_000.jpg,1,0,-33.167640835631126,0
B_001_005_20230908090123_001_003_000_000.jpg,1,0,-26.15164364085478,0
B_001_006_20230904143736_001_004_000_000.jpg,1,0,-23.233433143765318,0
B_001_006_20230904143746_001_004_000_000.jpg,1,0,-17.726141237745097,1
B_001_006_20230910115820_001_004_000_000.jpg,1,0,-16.21380375880821,1
B_001_007_20230906083655_001_003_000_000.jpg,1,0,-18.86361514820772,1
B_001_007_20230906152056_001_004_000_000.jpg,1,0,-23.591601801853553,0
B_001_008_20230908093637_001_001_000_000.jpg,1,0,-24.686051910998774,0
B_001_008_20230910135329_001_001_000_000.jpg,1,0,-27.287065094592524,0
B_001_009_20230825135357_001_002_000_000.jpg,1,0,-21.95873185700061,0
B_001_011_20230819151024_001_002_000_000.jpg,1,0,-36.525777180989586,0
B_001_012_20230819151849_001_001_000_000.jpg,1,0,-33.97082160500919,0
B_001_012_20230824141239_001_002_000_000.jpg,1,0,-19.258704091988356,1
B_001_012_20230826143225_001_003_000_000.jpg,1,0,-25.097111720664827,0
B_001_012_20230908105653_001_002_000_000.jpg,1,0,-27.35772824754902,0
B_001_012_20230908163635_001_001_000_000.jpg,1,0,-20.69496902765012,0
B_001_014_20230831095145_001_001_000_000.jpg,1,0,-22.64121261297488,0
B_001_014_20230909144845_001_001_000_000.jpg,1,0,-15.012763528262868,1
B_001_016_20230906163226_001_002_000_000.jpg,1,0,-18.367925905713847,1
B_001_018_20230826152230_001_001_000_000.jpg,1,0,-21.086048799402572,0
B_001_018_20230827100708_001_003_000_000.jpg,1,0,-25.198316387101716,0
B_001_018_20230830131904_001_004_000_000.jpg,1,0,-25.78469070733762,0
B_001_019_20230823160925_001_003_000_000.jpg,1,0,-20.287367876838236,0
B_001_019_20230824151340_001_004_000_000.jpg,1,0,-25.182363472732842,0
B_001_019_20230906113636_001_002_000_000.jpg,1,0,-23.637485878140318,0
B_001_019_20230906165336_001_001_000_000.jpg,1,0,-17.773706772748163,1
B_001_020_20230907082431_001_004_000_000.jpg,1,0,-29.731708601409313,0
B_001_020_20230907082614_001_003_000_000.jpg,1,0,-20.105519014246322,0
B_001_021_20230910084354_001_001_000_000.jpg,1,0,-31.226980171951592,0
B_001_021_20230910153211_001_001_000_000.jpg,1,0,-26.304500804227942,0
B_001_021_20230910153637_001_004_000_000.jpg,1,0,-23.31893621706495,0
B_001_022_20230826154804_001_003_000_000.jpg,1,0,-17.293599446614582,1
B_001_022_20230910084719_001_001_000_000.jpg,1,0,-28.126292509191178,0
B_001_023_20230910090617_001_003_000_000.jpg,1,0,-14.127664005055147,1
B_001_023_20230910154640_001_004_000_000.jpg,1,0,-17.14102950750613,1
B_001_023_20230910154714_001_002_000_000.jpg,1,0,-24.15124631395527,0
B_001_024_20230909102810_001_003_000_000.jpg,1,0,-32.49724145029106,0
B_001_025_20230907161202_001_001_000_000.jpg,1,0,-19.986925312117034,0
B_001_025_20230910092131_001_001_000_000.jpg,1,0,-19.260517195159313,1
B_001_025_20230910092353_001_004_000_000.jpg,1,0,-23.864123774509803,0
B_001_026_20230905103502_001_004_000_000.jpg,1,0,-20.566484039905024,0
B_001_026_20230905103704_001_004_000_000.jpg,1,0,-25.023325003829658,0
B_001_028_20230824110025_001_003_000_000.jpg,1,0,-16.63314520143995,1
B_001_028_20230827163459_001_001_000_000.jpg,1,0,-20.027232450597428,0
B_001_029_20230909113306_001_001_000_000.jpg,1,0,-18.594073127297793,1
B_001_030_20230910104623_001_001_000_000.jpg,1,0,-16.77048627068015,1
C_001_001_20230831140409_001_001_000_000.jpg,1,0,-73.14740349264706,0
C_001_005_20230821171952_001_001_000_000.jpg,1,0,-51.12449496400122,0
C_001_005_20230821172540_001_001_000_000.jpg,1,0,-50.75187533509497,0
C_001_005_20230821175515_001_001_000_000.jpg,1,0,-50.91966217639399,0
C_001_017_20231011143806_001_001_000_000.jpg,1,0,-73.02816353592218,0
C_001_018_20230826161023_001_001_000_000.jpg,1,0,-73.12909294577206,0
C_001_018_20230826162655_001_001_000_000.jpg,1,0,-73.58193191827512,0
C_001_018_20230826162705_001_001_000_000.jpg,1,0,-73.45610375497856,0
C_001_018_20231012134814_001_001_000_000.jpg,1,0,-73.36905086741729,0
C_001_018_20231012142320_001_001_000_000.jpg,1,0,-73.1456023571538,0
C_001_019_20230909155531_001_001_000_000.jpg,1,0,-73.65117690142463,0
C_001_019_20231013104752_001_001_000_000.jpg,1,0,-73.10785630170037,0
C_001_019_20231013113554_001_001_000_000.jpg,1,0,-73.32706825405944,0
C_001_019_20231013114920_001_001_000_000.jpg,1,0,-73.35895014744179,0
C_001_019_20231013132952_001_001_000_000.jpg,1,0,-73.13569910386029,0
C_001_019_20231013141058_001_001_000_000.jpg,1,0,-72.89368274165135,0
C_001_019_20231013142750_001_001_000_000.jpg,1,0,-73.50591322954963,0
C_001_019_20231013142908_001_001_000_000.jpg,1,0,-73.11777750651042,0
C_001_019_20231013145841_001_001_000_000.jpg,1,0,-73.31277884689032,0
C_001_019_20231013160357_001_001_000_000.jpg,1,0,-73.40108834060968,0
C_002_001_20230909112703_001_001_000_000.jpg,1,0,-71.70077454810048,0
C_002_001_20231011090903_001_002_000_000.jpg,1,0,-73.76756855085785,0
C_002_001_20231011094650_001_002_000_000.jpg,1,0,-72.66305960860907,0
C_002_001_20231011102223_001_002_000_000.jpg,1,0,-73.15245983647365,0
C_002_001_20231011130834_001_002_000_000.jpg,1,0,-72.57317038143383,0
C_002_001_20231011135715_001_002_000_000.jpg,1,0,-73.04289574716606,0
C_002_002_20231012111907_001_002_000_000.jpg,1,0,-72.78484269684436,0
C_002_002_20231012133834_001_002_000_000.jpg,1,0,-72.8433287377451,0
C_002_002_20231012142600_001_002_000_000.jpg,1,0,-72.68765318627452,0
C_002_002_20231012154244_001_002_000_000.jpg,1,0,-73.19612390854779,0
C_002_003_20231013110701_001_002_000_000.jpg,1,0,-73.46582150926777,0
C_002_025_20230826155212_001_001_000_000.jpg,1,0,-72.63073491115196,0
C_003_001_20230831152203_001_003_000_000.jpg,1,0,-56.93424000459559,0
C_003_001_20230908172303_001_003_000_000.jpg,1,0,-56.91902310240503,0
C_003_001_20230908173155_001_003_000_000.jpg,1,0,-56.956745222503066,0
C_003_001_20230912143836_001_003_000_000.jpg,1,0,-55.90594123391544,0
C_003_001_20230912151133_001_003_000_000.jpg,1,0,-56.13922119140625,0
C_003_002_20230906153902_001_003_000_000.jpg,1,0,-57.31799555759804,0
C_003_002_20230908154544_001_003_000_000.jpg,1,0,-57.47457466873468,0
C_003_002_20230912133250_001_003_000_000.jpg,1,0,-56.367163564644606,0
C_003_003_20230827152345_001_003_000_000.jpg,1,0,-56.79956174364277,0
C_003_003_20230904152616_001_003_000_000.jpg,1,0,-56.60353118298101,0
C_004_004_20230826161427_001_004_000_000.jpg,1,0,-57.284294577205884,0
C_004_004_20230902145722_001_004_000_000.jpg,1,0,-57.648034189261644,0
C_004_004_20230907074853_001_004_000_000.jpg,1,0,-58.225959329044116,0
C_004_004_20230912141507_001_004_000_000.jpg,1,0,-56.399422439874385,0
C_004_005_20230911071727_001_004_000_000.jpg,1,0,-56.83261646943934,0
C_004_006_20230824075645_001_004_000_000.jpg,1,0,-58.5725372912837,0
C_004_006_20230825181727_001_004_000_000.jpg,1,0,-57.194632735906865,0
C_004_006_20230906162831_001_004_000_000.jpg,1,0,-56.8417537913603,0
C_004_006_20230908160411_001_004_000_000.jpg,1,0,-57.42235969094669,0
C_004_006_20230910153213_001_004_000_000.jpg,1,0,-55.12017343558517,0
C_005_007_20230825180004_001_005_000_000.jpg,1,0,-57.05693263633579,0
C_005_007_20230828152845_001_005_000_000.jpg,1,0,-56.719970703125,0
C_005_007_20230902173015_001_005_000_000.jpg,1,0,-59.217415603936885,0
C_005_008_20230825172041_001_005_000_000.jpg,1,0,-57.23577761182598,0
C_005_008_20230829154347_001_005_000_000.jpg,1,0,-56.80778353821997,0
C_005_008_20230904161438_001_005_000_000.jpg,1,0,-56.08521704580269,0
C_005_009_20230831162826_001_005_000_000.jpg,1,0,-57.286945417815566,0
C_005_009_20230908164206_001_005_000_000.jpg,1,0,-57.120492972579655,0
C_005_009_20230908174822_001_005_000_000.jpg,1,0,-56.9753848805147,0
C_005_009_20230912133734_001_005_000_000.jpg,1,0,-56.35834937002144,0
C_006_009_20230827190556_001_006_000_000.jpg,1,0,-59.60159600949755,0
C_006_010_20230825164628_001_006_000_000.jpg,1,0,-57.16312184053309,0
C_006_010_20230829163456_001_006_000_000.jpg,1,0,-60.056194230621934,0
C_006_010_20230908155225_001_006_000_000.jpg,1,0,-57.163869820389095,0
C_006_011_20230830065228_001_006_000_000.jpg,1,0,-58.56550628063726,0
C_006_011_20230831145112_001_006_000_000.jpg,1,0,-57.02403349034927,0
C_006_011_20230904154859_001_006_000_000.jpg,1,0,-56.745354147518384,0
C_006_012_20230829140159_001_006_000_000.jpg,1,0,-57.068828507965684,0
C_006_012_20230906175043_001_006_000_000.jpg,1,0,-56.535991593903184,0
C_006_012_20230912135645_001_006_000_000.jpg,1,0,-56.15374995212929,0
C_006_012_20230912145754_001_006_000_000.jpg,1,0,-56.22489779603247,0
C_007_012_20230829150411_001_007_000_000.jpg,1,0,-56.781699984681374,0
C_007_013_20230908163934_001_007_000_000.jpg,1,0,-57.024117264093135,0
C_007_014_20230827173525_001_007_000_000.jpg,1,0,-56.748298196231616,0
C_008_017_20230825181031_001_008_000_000.jpg,1,0,-57.19586540670956,0
C_008_017_20230827165600_001_008_000_000.jpg,1,0,-56.59058215571385,0
C_008_017_20230904153838_001_008_000_000.jpg,1,0,-56.69035668466606,0
C_008_017_20230904162244_001_008_000_000.jpg,1,0,-56.05875052657782,0
C_008_017_20230910153826_001_008_000_000.jpg,1,0,-56.054759306066174,0
C_009_018_20230827161240_001_009_000_000.jpg,1,0,-56.77798402075674,0
C_009_019_20230829155551_001_009_000_000.jpg,1,0,-56.238427255667894,0
C_009_019_20230829160507_001_009_000_000.jpg,1,0,-56.79780249502144,0
C_009_019_20230831144113_001_009_000_000.jpg,1,0,-57.33515720741421,0
C_009_019_20230831164757_001_009_000_000.jpg,1,0,-56.88264136220894,0
C_009_019_20230911104240_001_009_000_000.jpg,1,0,-56.1850035424326,0
C_009_019_20230912153450_001_009_000_000.jpg,1,0,-55.91015385646446,0
C_009_020_20230902155721_001_009_000_000.jpg,1,0,-56.953071145450366,0
C_009_020_20230906173439_001_009_000_000.jpg,1,0,-56.846881941253066,0
C_009_020_20230912143844_001_009_000_000.jpg,1,0,-56.19683359183517,0
C_010_021_20230825184019_001_010_000_000.jpg,1,0,-57.102224312576595,0
C_010_021_20230829160808_001_010_000_000.jpg,1,0,-56.87231325635723,0
C_010_021_20230830073117_001_010_000_000.jpg,1,0,-58.294318704044116,0
C_010_022_20230825174158_001_010_000_000.jpg,1,0,-57.02948476753983,0
C_010_022_20230825174839_001_010_000_000.jpg,1,0,-57.130898868336395,0
C_010_023_20230827170100_001_010_000_000.jpg,1,0,-56.65798411649816,0
C_010_023_20230831154905_001_010_000_000.jpg,1,0,-56.774621103324144,0
C_010_023_20230904162229_001_010_000_000.jpg,1,0,-56.162312825520836,0
C_010_023_20230910153647_001_010_000_000.jpg,1,0,-55.53552365770527,0
C_010_023_20230912142226_001_010_000_000.jpg,1,0,-56.200154622395836,0
C_011_024_20230829161109_001_011_000_000.jpg,1,0,-56.96783925972733,0
C_011_024_20230902171213_001_011_000_000.jpg,1,0,-56.91975313074448,0
C_011_024_20230904171915_001_011_000_000.jpg,1,0,-56.17824778837316,0
C_011_024_20230910155736_001_011_000_000.jpg,1,0,-55.51890653722427,0
C_011_024_20230912134519_001_011_000_000.jpg,1,0,-56.41592586741728,0
C_011_025_20230831163725_001_011_000_000.jpg,1,0,-56.98826808555454,0
C_011_026_20230903072244_001_011_000_000.jpg,1,0,-57.57968678193934,0
C_012_028_20230826083905_001_012_000_000.jpg,1,0,-58.22080724379595,0
C_012_028_20230829151953_001_012_000_000.jpg,1,0,-56.7314177868413,0
C_012_028_20230906181336_001_012_000_000.jpg,1,0,-60.134624406403184,0
C_012_029_20230831142949_001_012_000_000.jpg,1,0,-57.16778923483456,0
C_012_029_20230906161554_001_012_000_000.jpg,1,0,-57.248786477481616,0
B_001_001_20230819184543_001_004_000_003.jpg,2,1,-15.146550197227329,1
B_001_001_20230819221134_001_004_000_003.jpg,2,1,-17.279956294041053,1
B_001_001_20230819223943_001_002_000_003.jpg,2,1,-17.05486821193321,1
B_001_001_20230819224112_001_002_000_003.jpg,2,1,-14.726430855545344,1
B_001_001_20230820222754_001_004_000_003.jpg,2,1,-15.493158078661152,1
B_001_001_20230821184615_001_002_000_003.jpg,2,1,-12.789486155790442,1
B_001_001_20230821185245_001_002_000_003.jpg,2,1,-18.780900543811274,1
B_001_001_20230821190433_001_003_000_003.jpg,2,1,-14.672414742264094,1
B_001_001_20230821213547_001_004_000_003.jpg,2,1,-17.450483733532476,1
B_001_001_20230821223931_001_002_000_003.jpg,2,1,-14.903372970281863,1
B_001_001_20230821224138_001_003_000_003.jpg,2,1,-16.361395143995097,1
B_001_001_20230821225359_001_003_000_003.jpg,2,1,-15.637003580729166,1
B_001_001_20230822182954_001_002_000_003.jpg,2,1,-16.052964154411764,1
B_001_001_20230903152138_001_004_000_003.jpg,2,1,-21.174106971890318,0
B_001_001_20230912094654_001_001_000_003.jpg,2,1,-28.154338761871937,0
B_001_002_20230819182109_001_001_000_003.jpg,2,1,-15.801128312653185,1
B_001_002_20230819182441_001_002_000_003.jpg,2,1,-16.38879514208027,1
B_001_002_20230819190509_001_001_000_003.jpg,2,1,-16.309186150045957,1
B_001_002_20230819193326_001_004_000_003.jpg,2,1,-14.662290086933211,1
B_001_002_20230819224743_001_001_000_003.jpg,2,1,-17.56793452244179,1
B_001_002_20230820192322_001_003_000_003.jpg,2,1,-15.627614937576594,1
B_001_002_20230820200413_001_001_000_003.jpg,2,1,-17.93048335056679,1
B_001_002_20230820222923_001_004_000_003.jpg,2,1,-15.542040058210784,1
B_001_002_20230821200814_001_001_000_003.jpg,2,1,-15.243637982536764,1
B_001_002_20230822182535_001_001_000_003.jpg,2,1,-16.65289186963848,1
B_001_002_20230822190650_001_004_000_003.jpg,2,1,-15.90505562576593,1
B_001_003_20230819185843_001_004_000_003.jpg,2,1,-15.718623142616421,1
B_001_003_20230819224034_001_003_000_003.jpg,2,1,-13.828005323223039,1
B_001_003_20230820182354_001_003_000_003.jpg,2,1,-16.16592706418505,1
B_001_003_20230820185843_001_002_000_003.jpg,2,1,-15.362901874617034,1
B_001_003_20230820215020_001_001_000_003.jpg,2,1,-13.299841787300858,1
B_001_003_20230820224902_001_002_000_003.jpg,2,1,-16.50775984221814,1
B_001_003_20230821190606_001_003_000_003.jpg,2,1,-15.821054496017156,1
B_001_003_20230821202832_001_002_000_003.jpg,2,1,-16.94305419921875,1
B_001_003_20230821204839_001_004_000_003.jpg,2,1,-17.796499214920342,1
B_001_003_20230821225236_001_003_000_003.jpg,2,1,-18.295826631433822,1
B_001_003_20230822183124_001_004_000_003.jpg,2,1,-15.924006443397671,1
B_001_003_20230822184803_001_003_000_003.jpg,2,1,-15.104076909083947,1
B_001_003_20230822190652_001_002_000_003.jpg,2,1,-15.29541015625,1
B_001_003_20230822201433_001_003_000_003.jpg,2,1,-14.492486691942402,1
B_001_003_20230822210608_001_003_000_003.jpg,2,1,-17.425854252833947,1
B_001_004_20230819203345_001_003_000_003.jpg,2,1,-16.611914541207106,1
B_001_004_20230819203845_001_004_000_003.jpg,2,1,-17.24026549096201,1
B_001_004_20230819214114_001_001_000_003.jpg,2,1,-16.99420405369179,1
B_001_004_20230820185719_001_003_000_003.jpg,2,1,-18.056078144148284,1
B_001_004_20230821183407_001_001_000_003.jpg,2,1,-17.880937164905024,1
B_001_004_20230822201858_001_004_000_003.jpg,2,1,-17.050685508578432,1
B_001_005_20230820185047_001_003_000_003.jpg,2,1,-16.621410893458947,1
B_001_006_20230824224546_001_003_000_003.jpg,2,1,-16.758045869715072,1
B_001_006_20230912102608_001_001_000_003.jpg,2,1,-28.9280610926011,0
B_001_007_20230912114450_001_001_000_003.jpg,2,1,-31.39157164330576,0
B_001_009_20230912145517_001_001_000_003.jpg,2,1,-30.03467634612439,0
B_001_009_20230912145532_001_001_000_003.jpg,2,1,-31.023691214767158,0
B_001_011_20230912122802_001_001_000_003.jpg,2,1,-31.571338129978553,0
B_001_012_20230821180805_001_004_000_003.jpg,2,1,-18.12508975758272,1
B_001_012_20230821192346_001_004_000_003.jpg,2,1,-15.128467036228553,1
B_001_012_20230821211028_001_002_000_003.jpg,2,1,-15.554073558134192,1
B_001_012_20230821224827_001_003_000_003.jpg,2,1,-14.722547344132966,1
B_001_012_20230822180827_001_002_000_003.jpg,2,1,-13.510395124846815,1
B_001_012_20230822210200_001_003_000_003.jpg,2,1,-15.747501148897058,1
B_001_013_20230819190946_001_003_000_003.jpg,2,1,-16.466968012791053,1
B_001_013_20230819194224_001_004_000_003.jpg,2,1,-17.62969970703125,1
B_001_013_20230820194245_001_002_000_003.jpg,2,1,-16.449626847809437,1
B_001_013_20230820194410_001_003_000_003.jpg,2,1,-14.614652745863971,1
B_001_013_20230820203027_001_003_000_003.jpg,2,1,-14.728734633501839,1
B_001_018_20230819182714_001_004_000_003.jpg,2,1,-16.483196183746937,1
B_001_018_20230819183849_001_003_000_003.jpg,2,1,-17.552017511106005,1
B_001_018_20230819224138_001_002_000_003.jpg,2,1,-13.828633626302084,1
B_001_018_20230819225351_001_002_000_003.jpg,2,1,-15.121932684206495,1
B_001_019_20230819190406_001_003_000_003.jpg,2,1,-14.921863032322303,1
B_001_019_20230819191627_001_001_000_003.jpg,2,1,-14.958346497778798,1
B_001_019_20230819195035_001_004_000_003.jpg,2,1,-17.0135498046875,1
B_001_019_20230819200337_001_001_000_003.jpg,2,1,-15.094610476026348,1
B_001_019_20230819203155_001_001_000_003.jpg,2,1,-16.22878130744485,1
B_001_019_20230819210939_001_001_000_003.jpg,2,1,-13.398413564644608,1
B_001_019_20230819224643_001_002_000_003.jpg,2,1,-15.055272719439339,1
B_001_019_20230912104930_001_001_000_003.jpg,2,1,-30.7966703527114,0
B_001_020_20230819182134_001_004_000_003.jpg,2,1,-15.79752005782782,1
B_001_020_20230819182342_001_002_000_003.jpg,2,1,-16.49097517424939,1
B_001_020_20230819190619_001_002_000_003.jpg,2,1,-16.62128523284314,1
B_001_020_20230819194151_001_001_000_003.jpg,2,1,-15.465734145220589,1
B_001_020_20230819212621_001_001_000_003.jpg,2,1,-17.09786807789522,1
B_001_021_20230819183810_001_004_000_003.jpg,2,1,-15.451540479473039,1
B_001_021_20230819192933_001_003_000_003.jpg,2,1,-14.883883607153798,1
B_001_021_20230819194404_001_004_000_003.jpg,2,1,-15.609980564491421,1
B_001_021_20230819201016_001_001_000_003.jpg,2,1,-14.094064749923406,1
B_001_021_20230819203912_001_004_000_003.jpg,2,1,-15.11556587967218,1
B_001_021_20230819223718_001_003_000_003.jpg,2,1,-15.586553835401348,1
B_001_021_20230903130514_001_002_000_003.jpg,2,1,-18.75814998851103,1
B_001_022_20230819182804_001_003_000_003.jpg,2,1,-16.830617867264092,1
B_001_022_20230819194745_001_004_000_003.jpg,2,1,-15.753119973575368,1
B_001_022_20230819202823_001_002_000_003.jpg,2,1,-14.248854693244486,1
B_001_022_20230819203116_001_002_000_003.jpg,2,1,-16.547169404871322,1
B_001_022_20230819221544_001_001_000_003.jpg,2,1,-17.162978228400736,1
B_001_023_20230819192640_001_002_000_003.jpg,2,1,-14.235522700291053,1
B_001_023_20230819202033_001_001_000_003.jpg,2,1,-16.759039186963847,1
B_001_023_20230819211113_001_002_000_003.jpg,2,1,-15.649402094822303,1
B_001_023_20230819212330_001_001_000_003.jpg,2,1,-13.9398193359375,1
B_001_023_20230819224816_001_001_000_003.jpg,2,1,-14.802635043275123,1
B_001_023_20230821184356_001_004_000_003.jpg,2,1,-16.640050551470587,1
B_001_023_20230821194543_001_004_000_003.jpg,2,1,-14.33007932176777,1
B_001_023_20230821195343_001_001_000_003.jpg,2,1,-14.430015414368873,1
B_001_023_20230821195511_001_002_000_003.jpg,2,1,-13.58285941329657,1
B_001_023_20230821202313_001_003_000_003.jpg,2,1,-15.718581255744486,1
B_001_023_20230822182312_001_003_000_003.jpg,2,1,-15.904259775199142,1
B_001_023_20230822183741_001_002_000_003.jpg,2,1,-16.206587249157476,1
B_001_023_20230822185209_001_001_000_003.jpg,2,1,-17.42145014744179,1
B_001_023_20230822191824_001_003_000_003.jpg,2,1,-17.406610227098653,1
B_001_023_20230822193845_001_001_000_003.jpg,2,1,-15.227930405560661,1
B_001_023_20230902134259_001_003_000_003.jpg,2,1,-18.14694273705576,1
B_001_023_20230912155519_001_001_000_003.jpg,2,1,-30.386226878446692,0
B_001_024_20230819213218_001_002_000_003.jpg,2,1,-17.82787846583946,1
B_001_024_20230821112545_001_002_000_003.jpg,2,1,-19.340203977098653,1
B_001_024_20230821112639_001_004_000_003.jpg,2,1,-18.475000718060663,1
B_001_025_20230819222508_001_004_000_003.jpg,2,1,-17.509262982536764,1
B_001_025_20230819224818_001_003_000_003.jpg,2,1,-13.234599992340685,1
B_001_025_20230822185927_001_004_000_003.jpg,2,1,-15.890437107460171,1
B_001_025_20230822211943_001_001_000_003.jpg,2,1,-15.368610456878065,1
B_001_025_20230827103308_001_003_000_003.jpg,2,1,-19.880191578584558,0
B_001_025_20230829160437_001_001_000_003.jpg,2,1,-18.213201784620097,1
B_001_025_20230912125844_001_001_000_003.jpg,2,1,-31.964590035232842,0
B_001_026_20230820194637_001_001_000_003.jpg,2,1,-16.634527468213847,1
B_001_026_20230820200449_001_002_000_003.jpg,2,1,-14.005821078431373,1
B_001_026_20230912113334_001_001_000_003.jpg,2,1,-29.513412176393995,0
B_001_027_20230819194120_001_003_000_003.jpg,2,1,-15.210080614276961,1
B_001_027_20230819215701_001_001_000_003.jpg,2,1,-14.904743269378065,1
B_001_027_20230821213501_001_004_000_003.jpg,2,1,-17.66125248927696,1
B_001_027_20230821214218_001_001_000_003.jpg,2,1,-16.418965657552082,1
B_001_027_20230825111912_001_004_000_003.jpg,2,1,-17.125920314414827,1
B_001_028_20230819191135_001_004_000_003.jpg,2,1,-13.802711636412377,1
B_001_028_20230819195931_001_004_000_003.jpg,2,1,-19.008160759420957,1
B_001_028_20230819200649_001_001_000_003.jpg,2,1,-19.461460487515318,1
B_001_028_20230819224740_001_001_000_003.jpg,2,1,-18.04187251072304,1
B_001_028_20230823105529_001_002_000_003.jpg,2,1,-15.549687404258579,1
B_001_028_20230823105625_001_002_000_003.jpg,2,1,-14.906783758425245,1
B_001_028_20230823105707_001_002_000_003.jpg,2,1,-15.246504241344976,1
B_001_029_20230819195724_001_002_000_003.jpg,2,1,-15.920607622931986,1
B_001_029_20230819215915_001_003_000_003.jpg,2,1,-16.189198213465072,1
B_001_030_20230820182600_001_001_000_003.jpg,2,1,-16.084588742723653,1
B_001_030_20230820184246_001_001_000_003.jpg,2,1,-17.56863463158701,1
B_001_030_20230820193335_001_001_000_003.jpg,2,1,-17.010970770143995,1
C_001_021_20230904115917_001_001_000_003.jpg,2,1,-73.19316789215686,0
C_001_021_20230904115937_001_001_000_003.jpg,2,1,-73.30571193321079,0
C_001_021_20230904125101_001_001_000_003.jpg,2,1,-73.01815855736827,0
C_001_021_20230904125501_001_001_000_003.jpg,2,1,-72.42520799823836,0
C_001_021_20230904125701_001_001_000_003.jpg,2,1,-72.72411870021446,0
C_001_021_20230904213828_001_001_000_003.jpg,2,1,-72.77331183938419,0
C_001_021_20230917140703_001_001_000_003.jpg,2,1,-72.56112491383271,0
C_001_021_20231001204527_001_001_000_003.jpg,2,1,-73.00526936848958,0
C_001_021_20231001211959_001_001_000_003.jpg,2,1,-72.26801255170037,0
C_001_021_20231001214643_001_001_000_003.jpg,2,1,-72.95458625344669,0
C_001_021_20231001220413_001_001_000_003.jpg,2,1,-72.8045773973652,0
C_001_021_20231001224255_001_001_000_003.jpg,2,1,-72.99810072954963,0
C_001_021_20231001235639_001_001_000_003.jpg,2,1,-73.18826712814032,0
C_001_022_20230821191750_001_001_000_003.jpg,2,1,-49.98381371591606,0
C_001_022_20230831152417_001_001_000_003.jpg,2,1,-72.580093682981,0
C_001_022_20230831153655_001_001_000_003.jpg,2,1,-72.87618599685968,0
C_001_022_20230901150810_001_001_000_003.jpg,2,1,-72.62060427198223,0
C_001_022_20230903110959_001_001_000_003.jpg,2,1,-72.40282245710785,0
C_001_022_20230904225714_001_001_000_003.jpg,2,1,-72.72100112017463,0
C_001_022_20230904231226_001_001_000_003.jpg,2,1,-72.60589599609375,0
C_001_022_20230904232126_001_001_000_003.jpg,2,1,-72.65319225834865,0
C_001_023_20230901164732_001_001_000_003.jpg,2,1,-72.71452062270221,0
C_001_023_20230904132523_001_001_000_003.jpg,2,1,-72.76424033969056,0
C_002_003_20230819140239_001_001_000_003.jpg,2,1,-48.22267420151655,0
C_002_023_20230821193016_001_001_000_003.jpg,2,1,-50.073080623851105,0
B_001_001_20230907110744_001_003_000_000.jpg,2,0,-18.328881357230394,1
B_001_002_20230819140159_001_003_000_000.jpg,2,0,-19.45404052734375,1
B_001_002_20230825081614_001_001_000_000.jpg,2,0,-18.262730018765318,1
B_001_002_20230904140309_001_003_000_000.jpg,2,0,-19.876571356081495,0
B_001_002_20230904140356_001_004_000_000.jpg,2,0,-16.758165546492034,1
B_001_003_20230825082123_001_004_000_000.jpg,2,0,-26.703180051317403,0
B_001_003_20230825131745_001_003_000_000.jpg,2,0,-21.622314453125,0
B_001_003_20230829090024_001_001_000_000.jpg,2,0,-23.153076171875,0
B_001_004_20230904142118_001_002_000_000.jpg,2,0,-19.505908442478553,1
B_001_005_20230821090757_001_003_000_000.jpg,2,0,-17.37417782054228,1
B_001_005_20230910114953_001_004_000_000.jpg,2,0,-35.77505672679228,0
B_001_006_20230823135709_001_002_000_000.jpg,2,0,-14.710896809895834,1
B_001_006_20230824083226_001_002_000_000.jpg,2,0,-16.13702512254902,1
B_001_006_20230825133313_001_002_000_000.jpg,2,0,-14.411303950291053,1
B_001_006_20230909133859_001_002_000_000.jpg,2,0,-29.447320676317403,0
B_001_009_20230909140014_001_003_000_000.jpg,2,0,-19.07504212622549,1
B_001_010_20230826135654_001_003_000_000.jpg,2,0,-17.958601409313726,1
B_001_010_20230829140515_001_004_000_000.jpg,2,0,-25.597025553385418,0
B_001_010_20230910140224_001_003_000_000.jpg,2,0,-26.719294529335173,0
B_001_011_20230908163546_001_002_000_000.jpg,2,0,-16.238451191023284,1
B_001_011_20230910141026_001_001_000_000.jpg,2,0,-24.501073500689337,0
B_001_012_20230907142834_001_004_000_000.jpg,2,0,-24.060471478630514,0
B_001_012_20230907142940_001_001_000_000.jpg,2,0,-22.131521187576592,0
B_001_012_20230909142748_001_004_000_000.jpg,2,0,-15.389428232230392,1
B_001_014_20230908111304_001_003_000_000.jpg,2,0,-31.945722991344976,0
B_001_014_20230908111924_001_001_000_000.jpg,2,0,-23.41877058440564,0
B_001_015_20230902112524_001_003_000_000.jpg,2,0,-13.412391812193627,1
B_001_018_20230827151426_001_001_000_000.jpg,2,0,-16.4570587756587,1
B_001_019_20230828153457_001_004_000_000.jpg,2,0,-14.979044596354166,1
B_001_019_20230904163710_001_002_000_000.jpg,2,0,-17.39853802849265,1
B_001_021_20230910153249_001_002_000_000.jpg,2,0,-21.80456423291973,0
B_001_022_20230824103008_001_001_000_000.jpg,2,0,-20.118539847579658,0
B_001_022_20230905081518_001_001_000_000.jpg,2,0,-24.311655081954658,0
B_001_026_20230904131603_001_002_000_000.jpg,2,0,-20.83062863817402,0
B_001_026_20230905103906_001_004_000_000.jpg,2,0,-21.975271187576592,0
B_001_027_20230825112011_001_002_000_000.jpg,2,0,-15.467146331188726,1
B_001_027_20230909110210_001_002_000_000.jpg,2,0,-22.326127594592524,0
B_001_028_20230825164058_001_003_000_000.jpg,2,0,-18.442789713541668,1
B_001_028_20230831130614_001_004_000_000.jpg,2,0,-14.888939950980392,1
B_001_029_20230822113144_001_001_000_000.jpg,2,0,-14.934644512101716,1
B_001_029_20230907102218_001_004_000_000.jpg,2,0,-22.764599370021447,0
B_001_029_20230907103847_001_002_000_000.jpg,2,0,-19.697463091681986,0
B_001_029_20230907163310_001_002_000_000.jpg,2,0,-22.726069431678923,0
B_001_030_20230905135551_001_001_000_000.jpg,2,0,-34.711112228094365,0
B_001_030_20230906141225_001_004_000_000.jpg,2,0,-22.064143162147673,0
C_001_002_20230829145737_001_001_000_000.jpg,2,0,-73.2028258080576,0
C_001_005_20230821171650_001_001_000_000.jpg,2,0,-50.788215188419116,0
C_001_005_20230821172456_001_001_000_000.jpg,2,0,-50.70634430530024,0
C_001_005_20230821181255_001_001_000_000.jpg,2,0,-50.73614382276348,0
C_001_006_20230822163518_001_001_000_000.jpg,2,0,-50.87309594247856,0
C_001_013_20230822164124_001_001_000_000.jpg,2,0,-50.750373391544116,0
C_001_015_20230828145032_001_001_000_000.jpg,2,0,-72.92019713158702,0
C_001_017_20231011140334_001_001_000_000.jpg,2,0,-72.98545687806373,0
C_001_017_20231011142748_001_001_000_000.jpg,2,0,-73.74886905445771,0
C_001_018_20230826164937_001_001_000_000.jpg,2,0,-73.7291104185815,0
C_001_018_20231012104840_001_001_000_000.jpg,2,0,-73.20533303653492,0
C_001_018_20231012110234_001_001_000_000.jpg,2,0,-72.89939132391238,0
C_001_018_20231012132436_001_001_000_000.jpg,2,0,-72.80491249234069,0
C_001_018_20231012160316_001_001_000_000.jpg,2,0,-73.33196303423713,0
C_001_018_20231012164100_001_001_000_000.jpg,2,0,-73.13595640893077,0
C_001_018_20231012164852_001_001_000_000.jpg,2,0,-72.89502910539215,0
C_001_019_20231013112220_001_001_000_000.jpg,2,0,-72.76431214575673,0
C_002_001_20231011093915_001_002_000_000.jpg,2,0,-73.7095432655484,0
C_002_001_20231011110646_001_002_000_000.jpg,2,0,-72.7746223000919,0
C_002_001_20231011132119_001_002_000_000.jpg,2,0,-73.1100523705576,0
C_002_001_20231011132512_001_002_000_000.jpg,2,0,-72.80751546223958,0
C_002_001_20231011142308_001_002_000_000.jpg,2,0,-72.79407576018689,0
C_002_001_20231011150909_001_002_000_000.jpg,2,0,-73.6002903358609,0
C_002_001_20231011152913_001_002_000_000.jpg,2,0,-73.01625569661458,0
C_002_001_20231011163944_001_002_000_000.jpg,2,0,-72.55119174134498,0
C_002_002_20231012093047_001_002_000_000.jpg,2,0,-72.70068598728554,0
C_002_002_20231012095434_001_002_000_000.jpg,2,0,-73.39302810968137,0
C_002_002_20231012161738_001_002_000_000.jpg,2,0,-72.95179180070465,0
C_002_002_20231012161941_001_002_000_000.jpg,2,0,-73.66844626034008,0
C_002_003_20231013112430_001_002_000_000.jpg,2,0,-72.51929788028492,0
C_002_004_20230821191947_001_001_000_000.jpg,2,0,-50.76760684742647,0
C_002_025_20230826151602_001_001_000_000.jpg,2,0,-73.4955193014706,0
C_002_025_20230826153446_001_001_000_000.jpg,2,0,-72.67538631663604,0
C_002_026_20230826160733_001_001_000_000.jpg,2,0,-72.71995394837623,0
C_002_026_20230826164907_001_001_000_000.jpg,2,0,-72.74265663296569,0
C_002_027_20230826172608_001_001_000_000.jpg,2,0,-73.74270570044423,0
C_003_001_20230904161612_001_003_000_000.jpg,2,0,-56.246990129059434,0
C_003_002_20230831152300_001_003_000_000.jpg,2,0,-56.68507295496323,0
C_003_002_20230905070240_001_003_000_000.jpg,2,0,-58.37225222120098,0
C_003_003_20230827152628_001_003_000_000.jpg,2,0,-56.90099977979473,0
C_003_003_20230829161404_001_003_000_000.jpg,2,0,-56.83777453852635,0
C_003_003_20230904160809_001_003_000_000.jpg,2,0,-56.13836550245098,0
C_003_003_20230912135900_001_003_000_000.jpg,2,0,-56.20723948759191,0
C_003_003_20230912140142_001_003_000_000.jpg,2,0,-56.20974671606924,0
C_003_003_20230912150829_001_003_000_000.jpg,2,0,-55.70459104051777,0
C_004_003_20230831145035_001_004_000_000.jpg,2,0,-57.353401932061885,0
C_004_004_20230827154914_001_004_000_000.jpg,2,0,-56.805228439031865,0
C_004_004_20230903064536_001_004_000_000.jpg,2,0,-58.093100155101105,0
C_004_004_20230906151016_001_004_000_000.jpg,2,0,-57.076212565104164,0
C_004_004_20230906180407_001_004_000_000.jpg,2,0,-60.493367513020836,0
C_004_005_20230829145027_001_004_000_000.jpg,2,0,-57.1604949352788,0
C_004_005_20230907090319_001_004_000_000.jpg,2,0,-57.81494739008885,0
C_004_005_20230910165009_001_004_000_000.jpg,2,0,-56.332786410462624,0
C_004_005_20230910165631_001_004_000_000.jpg,2,0,-56.37860466452206,0
C_004_005_20230912155811_001_004_000_000.jpg,2,0,-55.88137757544424,0
C_004_006_20230908170408_001_004_000_000.jpg,2,0,-57.02639710669424,0
C_004_006_20230912155425_001_004_000_000.jpg,2,0,-56.13857493681066,0
C_005_006_20230904174635_001_005_000_000.jpg,2,0,-58.943672928155635,0
C_005_007_20230829141407_001_005_000_000.jpg,2,0,-56.85059790517769,0
C_005_007_20230910160846_001_005_000_000.jpg,2,0,-55.63648897058823,0
C_005_008_20230826100415_001_005_000_000.jpg,2,0,-58.483204561121326,0
C_005_008_20230827175703_001_005_000_000.jpg,2,0,-50.81715303308823,0
C_005_008_20230902163704_001_005_000_000.jpg,2,0,-56.8679869408701,0
C_005_008_20230903074840_001_005_000_000.jpg,2,0,-56.677970138250615,0
C_006_009_20230831160908_001_006_000_000.jpg,2,0,-56.461558622472424,0
C_006_010_20230827163818_001_006_000_000.jpg,2,0,-56.735145718443626,0
C_006_010_20230902144918_001_006_000_000.jpg,2,0,-57.63245227290135,0
C_006_011_20230827172315_001_006_000_000.jpg,2,0,-56.758249320235905,0
C_006_011_20230902164018_001_006_000_000.jpg,2,0,-57.066183651194855,0
C_006_012_20230830062603_001_006_000_000.jpg,2,0,-59.24981809129902,0
C_006_012_20230906170152_001_006_000_000.jpg,2,0,-56.921165316712624,0
C_007_012_20230912143808_001_007_000_000.jpg,2,0,-56.3522518382353,0
C_007_013_20230826122523_001_007_000_000.jpg,2,0,-56.949391084558826,0
C_007_013_20230904173847_001_007_000_000.jpg,2,0,-59.55471861596201,0
C_007_014_20230906153028_001_007_000_000.jpg,2,0,-57.28565889246323,0
C_007_014_20230906170251_001_007_000_000.jpg,2,0,-56.781454647288605,0
C_007_014_20230912154409_001_007_000_000.jpg,2,0,-56.108619839537376,0
C_008_015_20230831143330_001_008_000_000.jpg,2,0,-57.108692842371326,0
C_008_015_20230907122602_001_008_000_000.jpg,2,0,-56.33263681449142,0
C_008_016_20230904144733_001_008_000_000.jpg,2,0,-56.648457845052086,0
C_008_016_20230908160809_001_008_000_000.jpg,2,0,-57.5143612132353,0
C_008_016_20230910164031_001_008_000_000.jpg,2,0,-55.404764811197914,0
C_008_017_20230912133133_001_008_000_000.jpg,2,0,-56.46746467141544,0
C_008_018_20230831141907_001_008_000_000.jpg,2,0,-56.478810029871326,0
C_009_018_20230902151804_001_009_000_000.jpg,2,0,-57.42882822074142,0
C_009_018_20230907080358_001_009_000_000.jpg,2,0,-57.36399931066177,0
C_009_018_20230908172734_001_009_000_000.jpg,2,0,-56.93561030369179,0
C_009_018_20230912142048_001_009_000_000.jpg,2,0,-56.388771206724876,0
C_009_019_20230827181905_001_009_000_000.jpg,2,0,-59.24234427657782,0
C_009_019_20230829164306_001_009_000_000.jpg,2,0,-60.27172612208946,0
C_009_019_20230830063113_001_009_000_000.jpg,2,0,-59.5211971507353,0
C_009_019_20230831143213_001_009_000_000.jpg,2,0,-57.24261115579044,0
C_009_019_20230904151913_001_009_000_000.jpg,2,0,-56.597846536075366,0
C_009_019_20230910155219_001_009_000_000.jpg,2,0,-55.784995883118874,0
C_009_020_20230827175922_001_009_000_000.jpg,2,0,-50.93864291321997,0
C_009_020_20230829134758_001_009_000_000.jpg,2,0,-56.42234652650122,0
C_009_021_20230904170650_001_009_000_000.jpg,2,0,-55.88409423828125,0
C_009_021_20230905063227_001_009_000_000.jpg,2,0,-58.17513858570772,0
C_010_021_20230824094131_001_010_000_000.jpg,2,0,-58.25016994102329,0
C_010_021_20230902174734_001_010_000_000.jpg,2,0,-58.53513829848345,0
C_010_021_20230903062150_001_010_000_000.jpg,2,0,-56.798747941559434,0
C_010_021_20230906174809_001_010_000_000.jpg,2,0,-56.725505754059434,0
C_010_022_20230825181700_001_010_000_000.jpg,2,0,-57.058937222349876,0
C_010_022_20230831160954_001_010_000_000.jpg,2,0,-56.09967400045956,0
C_010_022_20230904155115_001_010_000_000.jpg,2,0,-56.961508358226105,0
C_010_022_20230908165427_001_010_000_000.jpg,2,0,-56.950569900811885,0
C_010_023_20230829143457_001_010_000_000.jpg,2,0,-57.221045400582106,0
C_010_023_20230912132715_001_010_000_000.jpg,2,0,-56.371633492264095,0
C_011_024_20230829142705_001_011_000_000.jpg,2,0,-57.0352352366728,0
C_011_024_20230906180227_001_011_000_000.jpg,2,0,-59.443610696231616,0
C_011_025_20230831145352_001_011_000_000.jpg,2,0,-57.2789031384038,0
C_011_025_20230831164736_001_011_000_000.jpg,2,0,-56.84025783164829,0
C_011_025_20230902151844_001_011_000_000.jpg,2,0,-57.41287530637255,0
C_011_025_20230906173826_001_011_000_000.jpg,2,0,-56.700906192555145,0
C_011_026_20230905084127_001_011_000_000.jpg,2,0,-58.66604674096201,0
C_011_026_20230911082855_001_011_000_000.jpg,2,0,-57.43695427389706,0
C_012_027_20230831145944_001_012_000_000.jpg,2,0,-57.35876345166973,0
C_012_027_20230901071858_001_012_000_000.jpg,2,0,-58.084692861519606,0
C_012_027_20230902154458_001_012_000_000.jpg,2,0,-57.08142448874081,0
C_012_028_20230904165149_001_012_000_000.jpg,2,0,-56.022237141927086,0
C_012_029_20230829152726_001_012_000_000.jpg,2,0,-56.375540939031865,0
C_012_029_20230907065031_001_012_000_000.jpg,2,0,-58.25094185623468,0
