filename,component_id,component_size,representative,is_representative
B_001_001_20230819184543_001_004_000_003.jpg,0,1,B_001_001_20230819184543_001_004_000_003.jpg,1
B_001_001_20230819185339_001_002_000_003.jpg,1,1,B_001_001_20230819185339_001_002_000_003.jpg,1
B_001_001_20230819221134_001_004_000_003.jpg,2,1,B_001_001_20230819221134_001_004_000_003.jpg,1
B_001_001_20230819221722_001_002_000_003.jpg,3,1,B_001_001_20230819221722_001_002_000_003.jpg,1
B_001_001_20230819222852_001_003_000_003.jpg,4,1,B_001_001_20230819222852_001_003_000_003.jpg,1
B_001_001_20230819223943_001_002_000_003.jpg,5,1,B_001_001_20230819223943_001_002_000_003.jpg,1
B_001_001_20230819224112_001_002_000_003.jpg,6,1,B_001_001_20230819224112_001_002_000_003.jpg,1
B_001_001_20230820211410_001_002_000_003.jpg,7,1,B_001_001_20230820211410_001_002_000_003.jpg,1
B_001_001_20230820212924_001_002_000_003.jpg,8,1,B_001_001_20230820212924_001_002_000_003.jpg,1
B_001_001_20230820222754_001_004_000_003.jpg,9,1,B_001_001_20230820222754_001_004_000_003.jpg,1
B_001_001_20230821180326_001_004_000_003.jpg,10,1,B_001_001_20230821180326_001_004_000_003.jpg,1
B_001_001_20230821181213_001_004_000_003.jpg,11,1,B_001_001_20230821181213_001_004_000_003.jpg,1
B_001_001_20230821184615_001_002_000_003.jpg,12,1,B_001_001_20230821184615_001_002_000_003.jpg,1
B_001_001_20230821185038_001_002_000_003.jpg,13,2,B_001_001_20230821185038_001_002_000_003.jpg,1
B_001_002_20230822203742_001_002_000_003.jpg,13,2,B_001_001_20230821185038_001_002_000_003.jpg,0
B_001_001_20230821185245_001_002_000_003.jpg,14,1,B_001_001_20230821185245_001_002_000_003.jpg,1
B_001_001_20230821190433_001_003_000_003.jpg,15,1,B_001_001_20230821190433_001_003_000_003.jpg,1
B_001_001_20230821213547_001_004_000_003.jpg,16,1,B_001_001_20230821213547_001_004_000_003.jpg,1
B_001_001_20230821221829_001_003_000_003.jpg,17,1,B_001_001_20230821221829_001_003_000_003.jpg,1
B_001_001_20230821222418_001_002_000_003.jpg,18,1,B_001_001_20230821222418_001_002_000_003.jpg,1
B_001_001_20230821223931_001_002_000_003.jpg,19,1,B_001_001_20230821223931_001_002_000_003.jpg,1
B_001_001_20230821224138_001_003_000_003.jpg,20,1,B_001_001_20230821224138_001_003_000_003.jpg,1
B_001_001_20230821225359_001_003_000_003.jpg,21,1,B_001_001_20230821225359_001_003_000_003.jpg,1
B_001_001_20230822181106_001_002_000_003.jpg,22,1,B_001_001_20230822181106_001_002_000_003.jpg,1
B_001_001_20230822182954_001_002_000_003.jpg,23,1,B_001_001_20230822182954_001_002_000_003.jpg,1
B_001_001_20230822205550_001_002_000_003.jpg,24,1,B_001_001_20230822205550_001_002_000_003.jpg,1
B_001_001_20230903152138_001_004_000_003.jpg,25,1,B_001_001_20230903152138_001_004_000_003.jpg,1
B_001_001_20230912094654_001_001_000_003.jpg,26,1,B_001_001_20230912094654_001_001_000_003.jpg,1
B_001_001_20230912131457_001_001_000_003.jpg,27,1,B_001_001_20230912131457_001_001_000_003.jpg,1
B_001_001_20230912181039_001_001_000_003.jpg,28,1,B_001_001_20230912181039_001_001_000_003.jpg,1
B_001_002_20230819182109_001_001_000_003.jpg,29,1,B_001_002_20230819182109_001_001_000_003.jpg,1
B_001_002_20230819182441_001_002_000_003.jpg,30,1,B_001_002_20230819182441_001_002_000_003.jpg,1
B_001_002_20230819190509_001_001_000_003.jpg,31,1,B_001_002_20230819190509_001_001_000_003.jpg,1
B_001_002_20230819193326_001_004_000_003.jpg,32,1,B_001_002_20230819193326_001_004_000_003.jpg,1
B_001_002_20230819201411_001_001_000_003.jpg,33,1,B_001_002_20230819201411_001_001_000_003.jpg,1
B_001_002_20230819221724_001_004_000_003.jpg,34,1,B_001_002_20230819221724_001_004_000_003.jpg,1
B_001_002_20230819222517_001_002_000_003.jpg,35,1,B_001_002_20230819222517_001_002_000_003.jpg,1
B_001_002_20230819224743_001_001_000_003.jpg,36,1,B_001_002_20230819224743_001_001_000_003.jpg,1
B_001_002_20230819225453_001_001_000_003.jpg,37,1,B_001_002_20230819225453_001_001_000_003.jpg,1
B_001_002_20230820185716_001_003_000_003.jpg,38,1,B_001_002_20230820185716_001_003_000_003.jpg,1
B_001_002_20230820191227_001_002_000_003.jpg,39,1,B_001_002_20230820191227_001_002_000_003.jpg,1
B_001_002_20230820192322_001_003_000_003.jpg,40,1,B_001_002_20230820192322_001_003_000_003.jpg,1
B_001_002_20230820193633_001_002_000_003.jpg,41,1,B_001_002_20230820193633_001_002_000_003.jpg,1
B_001_002_20230820200413_001_001_000_003.jpg,42,1,B_001_002_20230820200413_001_001_000_003.jpg,1
B_001_002_20230820201043_001_001_000_003.jpg,43,1,B_001_002_20230820201043_001_001_000_003.jpg,1
B_001_002_20230820202429_001_001_000_003.jpg,44,1,B_001_002_20230820202429_001_001_000_003.jpg,1
B_001_002_20230820214139_001_002_000_003.jpg,45,1,B_001_002_20230820214139_001_002_000_003.jpg,1
B_001_002_20230820215655_001_004_000_003.jpg,46,1,B_001_002_20230820215655_001_004_000_003.jpg,1
B_001_002_20230820221705_001_001_000_003.jpg,47,1,B_001_002_20230820221705_001_001_000_003.jpg,1
B_001_002_20230820222923_001_004_000_003.jpg,48,1,B_001_002_20230820222923_001_004_000_003.jpg,1
B_001_002_20230820224146_001_002_000_003.jpg,49,1,B_001_002_20230820224146_001_002_000_003.jpg,1
B_001_002_20230820225111_001_004_000_003.jpg,50,1,B_001_002_20230820225111_001_004_000_003.jpg,1
B_001_002_20230821183109_001_004_000_003.jpg,51,1,B_001_002_20230821183109_001_004_000_003.jpg,1
B_001_002_20230821191024_001_003_000_003.jpg,52,1,B_001_002_20230821191024_001_003_000_003.jpg,1
B_001_002_20230821200814_001_001_000_003.jpg,53,1,B_001_002_20230821200814_001_001_000_003.jpg,1
B_001_002_20230821204036_001_001_000_003.jpg,54,1,B_001_002_20230821204036_001_001_000_003.jpg,1
B_001_002_20230821205339_001_002_000_003.jpg,55,1,B_001_002_20230821205339_001_002_000_003.jpg,1
B_001_002_20230821205804_001_004_000_003.jpg,56,1,B_001_002_20230821205804_001_004_000_003.jpg,1
B_001_002_20230821210014_001_001_000_003.jpg,57,1,B_001_002_20230821210014_001_001_000_003.jpg,1
B_001_002_20230821214643_001_004_000_003.jpg,58,1,B_001_002_20230821214643_001_004_000_003.jpg,1
B_001_002_20230822181439_001_001_000_003.jpg,59,1,B_001_002_20230822181439_001_001_000_003.jpg,1
B_001_002_20230822182535_001_001_000_003.jpg,60,1,B_001_002_20230822182535_001_001_000_003.jpg,1
B_001_002_20230822185639_001_001_000_003.jpg,61,1,B_001_002_20230822185639_001_001_000_003.jpg,1
B_001_002_20230822190230_001_001_000_003.jpg,62,1,B_001_002_20230822190230_001_001_000_003.jpg,1
B_001_002_20230822190650_001_004_000_003.jpg,63,1,B_001_002_20230822190650_001_004_000_003.jpg,1
B_001_003_20230819183447_001_002_000_003.jpg,65,1,B_001_003_20230819183447_001_002_000_003.jpg,1
B_001_003_20230819185843_001_004_000_003.jpg,66,1,B_001_003_20230819185843_001_004_000_003.jpg,1
B_001_003_20230819192526_001_002_000_003.jpg,67,1,B_001_003_20230819192526_001_002_000_003.jpg,1
B_001_003_20230819212215_001_004_000_003.jpg,68,1,B_001_003_20230819212215_001_004_000_003.jpg,1
B_001_003_20230819224034_001_003_000_003.jpg,69,1,B_001_003_20230819224034_001_003_000_003.jpg,1
B_001_003_20230820182354_001_003_000_003.jpg,70,1,B_001_003_20230820182354_001_003_000_003.jpg,1
B_001_003_20230820185843_001_002_000_003.jpg,71,1,B_001_003_20230820185843_001_002_000_003.jpg,1
B_001_003_20230820190055_001_004_000_003.jpg,72,1,B_001_003_20230820190055_001_004_000_003.jpg,1
B_001_003_20230820192407_001_003_000_003.jpg,73,1,B_001_003_20230820192407_001_003_000_003.jpg,1
B_001_003_20230820192657_001_004_000_003.jpg,74,1,B_001_003_20230820192657_001_004_000_003.jpg,1
B_001_003_20230820193253_001_002_000_003.jpg,75,1,B_001_003_20230820193253_001_002_000_003.jpg,1
B_001_003_20230820195320_001_003_000_003.jpg,76,1,B_001_003_20230820195320_001_003_000_003.jpg,1
B_001_003_20230820205522_001_002_000_003.jpg,77,1,B_001_003_20230820205522_001_002_000_003.jpg,1
B_001_003_20230820215020_001_001_000_003.jpg,78,1,B_001_003_20230820215020_001_001_000_003.jpg,1
B_001_003_20230820224902_001_002_000_003.jpg,79,1,B_001_003_20230820224902_001_002_000_003.jpg,1
B_001_003_20230821182102_001_002_000_003.jpg,80,1,B_001_003_20230821182102_001_002_000_003.jpg,1
B_001_003_20230821184703_001_002_000_003.jpg,81,1,B_001_003_20230821184703_001_002_000_003.jpg,1
B_001_003_20230821190606_001_003_000_003.jpg,82,1,B_001_003_20230821190606_001_003_000_003.jpg,1
B_001_003_20230821190732_001_003_000_003.jpg,83,1,B_001_003_20230821190732_001_003_000_003.jpg,1
B_001_003_20230821190815_001_001_000_003.jpg,84,1,B_001_003_20230821190815_001_001_000_003.jpg,1
B_001_003_20230821194137_001_002_000_003.jpg,85,1,B_001_003_20230821194137_001_002_000_003.jpg,1
B_001_003_20230821200648_001_004_000_003.jpg,86,1,B_001_003_20230821200648_001_004_000_003.jpg,1
B_001_003_20230821202832_001_002_000_003.jpg,87,1,B_001_003_20230821202832_001_002_000_003.jpg,1
B_001_003_20230821203706_001_004_000_003.jpg,88,1,B_001_003_20230821203706_001_004_000_003.jpg,1
B_001_003_20230821204839_001_003_000_003.jpg,89,1,B_001_003_20230821204839_001_003_000_003.jpg,1
B_001_003_20230821204839_001_004_000_003.jpg,90,1,B_001_003_20230821204839_001_004_000_003.jpg,1
B_001_003_20230821225236_001_003_000_003.jpg,91,1,B_001_003_20230821225236_001_003_000_003.jpg,1
B_001_003_20230822183124_001_004_000_003.jpg,92,1,B_001_003_20230822183124_001_004_000_003.jpg,1
B_001_003_20230822183337_001_003_000_003.jpg,93,1,B_001_003_20230822183337_001_003_000_003.jpg,1
B_001_003_20230822184803_001_003_000_003.jpg,94,1,B_001_003_20230822184803_001_003_000_003.jpg,1
B_001_003_20230822190652_001_002_000_003.jpg,95,1,B_001_003_20230822190652_001_002_000_003.jpg,1
B_001_003_20230822194612_001_003_000_003.jpg,96,1,B_001_003_20230822194612_001_003_000_003.jpg,1
B_001_003_20230822201225_001_003_000_003.jpg,97,1,B_001_003_20230822201225_001_003_000_003.jpg,1
B_001_003_20230822201433_001_003_000_003.jpg,98,1,B_001_003_20230822201433_001_003_000_003.jpg,1
B_001_003_20230822202319_001_001_000_003.jpg,99,1,B_001_003_20230822202319_001_001_000_003.jpg,1
B_001_003_20230822210525_001_004_000_003.jpg,100,1,B_001_003_20230822210525_001_004_000_003.jpg,1
B_001_003_20230822210608_001_003_000_003.jpg,101,1,B_001_003_20230822210608_001_003_000_003.jpg,1
B_001_003_20230822210731_001_004_000_003.jpg,102,1,B_001_003_20230822210731_001_004_000_003.jpg,1
B_001_003_20230822210817_001_001_000_003.jpg,103,1,B_001_003_20230822210817_001_001_000_003.jpg,1
B_001_003_20230822211156_001_004_000_003.jpg,104,1,B_001_003_20230822211156_001_004_000_003.jpg,1
B_001_004_20230819183239_001_001_000_003.jpg,105,1,B_001_004_20230819183239_001_001_000_003.jpg,1
B_001_004_20230819183449_001_001_000_003.jpg,106,1,B_001_004_20230819183449_001_001_000_003.jpg,1
B_001_004_20230819183449_001_003_000_003.jpg,107,1,B_001_004_20230819183449_001_003_000_003.jpg,1
B_001_004_20230819184254_001_004_000_003.jpg,108,1,B_001_004_20230819184254_001_004_000_003.jpg,1
B_001_004_20230819191226_001_001_000_003.jpg,109,1,B_001_004_20230819191226_001_001_000_003.jpg,1
B_001_004_20230819193458_001_004_000_003.jpg,110,1,B_001_004_20230819193458_001_004_000_003.jpg,1
B_001_004_20230819203345_001_003_000_003.jpg,111,1,B_001_004_20230819203345_001_003_000_003.jpg,1
B_001_004_20230819203845_001_004_000_003.jpg,112,1,B_001_004_20230819203845_001_004_000_003.jpg,1
B_001_004_20230819205910_001_002_000_003.jpg,113,1,B_001_004_20230819205910_001_002_000_003.jpg,1
B_001_004_20230819214114_001_001_000_003.jpg,114,1,B_001_004_20230819214114_001_001_000_003.jpg,1
B_001_004_20230819220636_001_003_000_003.jpg,115,1,B_001_004_20230819220636_001_003_000_003.jpg,1
B_001_004_20230819221305_001_001_000_003.jpg,116,1,B_001_004_20230819221305_001_001_000_003.jpg,1
B_001_004_20230819222227_001_004_000_003.jpg,117,1,B_001_004_20230819222227_001_004_000_003.jpg,1
B_001_004_20230819222731_001_004_000_003.jpg,118,1,B_001_004_20230819222731_001_004_000_003.jpg,1
B_001_004_20230819223652_001_004_000_003.jpg,119,1,B_001_004_20230819223652_001_004_000_003.jpg,1
B_001_004_20230819225040_001_001_000_003.jpg,120,1,B_001_004_20230819225040_001_001_000_003.jpg,1
B_001_004_20230819225124_001_004_000_003.jpg,121,1,B_001_004_20230819225124_001_004_000_003.jpg,1
B_001_004_20230819225206_001_003_000_003.jpg,122,1,B_001_004_20230819225206_001_003_000_003.jpg,1
B_001_004_20230820181259_001_002_000_003.jpg,123,1,B_001_004_20230820181259_001_002_000_003.jpg,1
B_001_004_20230820184039_001_004_000_003.jpg,124,1,B_001_004_20230820184039_001_004_000_003.jpg,1
B_001_004_20230820184627_001_004_000_003.jpg,125,1,B_001_004_20230820184627_001_004_000_003.jpg,1
B_001_004_20230820185719_001_003_000_003.jpg,126,1,B_001_004_20230820185719_001_003_000_003.jpg,1
B_001_004_20230820191605_001_001_000_003.jpg,127,1,B_001_004_20230820191605_001_001_000_003.jpg,1
B_001_004_20230820192408_001_001_000_003.jpg,128,1,B_001_004_20230820192408_001_001_000_003.jpg,1
B_001_004_20230820193845_001_002_000_003.jpg,129,1,B_001_004_20230820193845_001_002_000_003.jpg,1
B_001_004_20230820201508_001_004_000_003.jpg,130,1,B_001_004_20230820201508_001_004_000_003.jpg,1
B_001_004_20230820221753_001_003_000_003.jpg,131,1,B_001_004_20230820221753_001_003_000_003.jpg,1
B_001_004_20230821183407_001_001_000_003.jpg,132,1,B_001_004_20230821183407_001_001_000_003.jpg,1
B_001_004_20230821185249_001_002_000_003.jpg,133,1,B_001_004_20230821185249_001_002_000_003.jpg,1
B_001_004_20230821202749_001_004_000_003.jpg,134,1,B_001_004_20230821202749_001_004_000_003.jpg,1
B_001_004_20230821203707_001_002_000_003.jpg,135,1,B_001_004_20230821203707_001_002_000_003.jpg,1
B_001_004_20230821210725_001_003_000_003.jpg,136,1,B_001_004_20230821210725_001_003_000_003.jpg,1
B_001_004_20230821223512_001_004_000_003.jpg,137,1,B_001_004_20230821223512_001_004_000_003.jpg,1
B_001_004_20230821224351_001_001_000_003.jpg,138,1,B_001_004_20230821224351_001_001_000_003.jpg,1
B_001_004_20230822184804_001_001_000_003.jpg,139,1,B_001_004_20230822184804_001_001_000_003.jpg,1
B_001_004_20230822195118_001_001_000_003.jpg,140,1,B_001_004_20230822195118_001_001_000_003.jpg,1
B_001_004_20230822200714_001_001_000_003.jpg,141,1,B_001_004_20230822200714_001_001_000_003.jpg,1
B_001_004_20230822201858_001_004_000_003.jpg,142,1,B_001_004_20230822201858_001_004_000_003.jpg,1
B_001_004_20230822212248_001_002_000_003.jpg,143,1,B_001_004_20230822212248_001_002_000_003.jpg,1
B_001_004_20230824193216_001_001_000_003.jpg,144,1,B_001_004_20230824193216_001_001_000_003.jpg,1
B_001_004_20230908152003_001_004_000_003.jpg,145,1,B_001_004_20230908152003_001_004_000_003.jpg,1
B_001_004_20230912144417_001_001_000_003.jpg,146,1,B_001_004_20230912144417_001_001_000_003.jpg,1
B_001_005_20230820184841_001_004_000_003.jpg,147,1,B_001_005_20230820184841_001_004_000_003.jpg,1
B_001_005_20230820185047_001_002_000_003.jpg,148,1,B_001_005_20230820185047_001_002_000_003.jpg,1
B_001_005_20230820185047_001_003_000_003.jpg,149,1,B_001_005_20230820185047_001_003_000_003.jpg,1
B_001_005_20230820185133_001_001_000_003.jpg,150,1,B_001_005_20230820185133_001_001_000_003.jpg,1
B_001_005_20230820191819_001_003_000_003.jpg,151,1,B_001_005_20230820191819_001_003_000_003.jpg,1
B_001_005_20230820204814_001_003_000_003.jpg,152,1,B_001_005_20230820204814_001_003_000_003.jpg,1
B_001_005_20230904142517_001_001_000_003.jpg,153,1,B_001_005_20230904142517_001_001_000_003.jpg,1
B_001_006_20230824224546_001_003_000_003.jpg,154,1,B_001_006_20230824224546_001_003_000_003.jpg,1
B_001_006_20230912102608_001_001_000_003.jpg,155,1,B_001_006_20230912102608_001_001_000_003.jpg,1
B_001_007_20230903092632_001_004_000_003.jpg,156,1,B_001_007_20230903092632_001_004_000_003.jpg,1
B_001_007_20230903093414_001_004_000_003.jpg,157,1,B_001_007_20230903093414_001_004_000_003.jpg,1
B_001_007_20230912114450_001_001_000_003.jpg,158,1,B_001_007_20230912114450_001_001_000_003.jpg,1
B_001_008_20230908093555_001_003_000_003.jpg,159,2,B_001_008_20230908093555_001_003_000_003.jpg,1
B_001_008_20230908093600_001_003_000_003.jpg,159,2,B_001_008_20230908093555_001_003_000_003.jpg,0
B_001_009_20230902100119_001_002_000_003.jpg,161,1,B_001_009_20230902100119_001_002_000_003.jpg,1
B_001_009_20230912145517_001_001_000_003.jpg,162,1,B_001_009_20230912145517_001_001_000_003.jpg,1
B_001_009_20230912145529_001_001_000_003.jpg,163,1,B_001_009_20230912145529_001_001_000_003.jpg,1
B_001_009_20230912145532_001_001_000_003.jpg,164,1,B_001_009_20230912145532_001_001_000_003.jpg,1
B_001_011_20230912122802_001_001_000_003.jpg,165,1,B_001_011_20230912122802_001_001_000_003.jpg,1
B_001_012_20230820221008_001_004_000_003.jpg,166,1,B_001_012_20230820221008_001_004_000_003.jpg,1
B_001_012_20230820225422_001_004_000_003.jpg,167,1,B_001_012_20230820225422_001_004_000_003.jpg,1
B_001_012_20230821180805_001_004_000_003.jpg,168,1,B_001_012_20230821180805_001_004_000_003.jpg,1
B_001_012_20230821181145_001_002_000_003.jpg,169,1,B_001_012_20230821181145_001_002_000_003.jpg,1
B_001_012_20230821185940_001_002_000_003.jpg,170,1,B_001_012_20230821185940_001_002_000_003.jpg,1
B_001_012_20230821191717_001_001_000_003.jpg,171,1,B_001_012_20230821191717_001_001_000_003.jpg,1
B_001_012_20230821192346_001_004_000_003.jpg,172,1,B_001_012_20230821192346_001_004_000_003.jpg,1
B_001_012_20230821194109_001_004_000_003.jpg,173,1,B_001_012_20230821194109_001_004_000_003.jpg,1
B_001_012_20230821203719_001_001_000_003.jpg,174,1,B_001_012_20230821203719_001_001_000_003.jpg,1
B_001_012_20230821211028_001_001_000_003.jpg,175,1,B_001_012_20230821211028_001_001_000_003.jpg,1
B_001_012_20230821211028_001_002_000_003.jpg,176,1,B_001_012_20230821211028_001_002_000_003.jpg,1
B_001_012_20230821221039_001_004_000_003.jpg,177,1,B_001_012_20230821221039_001_004_000_003.jpg,1
B_001_012_20230821224154_001_002_000_003.jpg,178,1,B_001_012_20230821224154_001_002_000_003.jpg,1
B_001_012_20230821224827_001_003_000_003.jpg,179,1,B_001_012_20230821224827_001_003_000_003.jpg,1
B_001_012_20230822180827_001_002_000_003.jpg,180,1,B_001_012_20230822180827_001_002_000_003.jpg,1
B_001_012_20230822202629_001_002_000_003.jpg,181,1,B_001_012_20230822202629_001_002_000_003.jpg,1
B_001_012_20230822210200_001_003_000_003.jpg,182,1,B_001_012_20230822210200_001_003_000_003.jpg,1
B_001_012_20230822211756_001_001_000_003.jpg,183,1,B_001_012_20230822211756_001_001_000_003.jpg,1
B_001_013_20230819190946_001_003_000_003.jpg,184,1,B_001_013_20230819190946_001_003_000_003.jpg,1
B_001_013_20230819191617_001_002_000_003.jpg,185,1,B_001_013_20230819191617_001_002_000_003.jpg,1
B_001_013_20230819194224_001_004_000_003.jpg,186,1,B_001_013_20230819194224_001_004_000_003.jpg,1
B_001_013_20230819205758_001_002_000_003.jpg,187,1,B_001_013_20230819205758_001_002_000_003.jpg,1
B_001_013_20230819214211_001_001_000_003.jpg,188,1,B_001_013_20230819214211_001_001_000_003.jpg,1
B_001_013_20230819225511_001_004_000_003.jpg,189,1,B_001_013_20230819225511_001_004_000_003.jpg,1
B_001_013_20230820194245_001_002_000_003.jpg,190,1,B_001_013_20230820194245_001_002_000_003.jpg,1
B_001_013_20230820194410_001_003_000_003.jpg,191,1,B_001_013_20230820194410_001_003_000_003.jpg,1
B_001_013_20230820203027_001_003_000_003.jpg,192,1,B_001_013_20230820203027_001_003_000_003.jpg,1
B_001_013_20230820205117_001_001_000_003.jpg,193,1,B_001_013_20230820205117_001_001_000_003.jpg,1
B_001_013_20230820213615_001_001_000_003.jpg,194,1,B_001_013_20230820213615_001_001_000_003.jpg,1
B_001_016_20230909084107_001_004_000_003.jpg,195,1,B_001_016_20230909084107_001_004_000_003.jpg,1
B_001_016_20230909084151_001_003_000_003.jpg,196,1,B_001_016_20230909084151_001_003_000_003.jpg,1
B_001_016_20230909084350_001_001_000_003.jpg,197,2,B_001_016_20230909084350_001_001_000_003.jpg,1
B_001_016_20230909084355_001_001_000_003.jpg,197,2,B_001_016_20230909084350_001_001_000_003.jpg,0
B_001_018_20230819182714_001_004_000_003.jpg,199,1,B_001_018_20230819182714_001_004_000_003.jpg,1
B_001_018_20230819183849_001_003_000_003.jpg,200,1,B_001_018_20230819183849_001_003_000_003.jpg,1
B_001_018_20230819184527_001_004_000_003.jpg,201,1,B_001_018_20230819184527_001_004_000_003.jpg,1
B_001_018_20230819185152_001_004_000_003.jpg,202,1,B_001_018_20230819185152_001_004_000_003.jpg,1
B_001_018_20230819185613_001_001_000_003.jpg,203,1,B_001_018_20230819185613_001_001_000_003.jpg,1
B_001_018_20230819193854_001_001_000_003.jpg,204,1,B_001_018_20230819193854_001_001_000_003.jpg,1
B_001_018_20230819212154_001_001_000_003.jpg,205,1,B_001_018_20230819212154_001_001_000_003.jpg,1
B_001_018_20230819223043_001_001_000_003.jpg,206,1,B_001_018_20230819223043_001_001_000_003.jpg,1
B_001_018_20230819223756_001_002_000_003.jpg,207,1,B_001_018_20230819223756_001_002_000_003.jpg,1
B_001_018_20230819224138_001_002_000_003.jpg,208,1,B_001_018_20230819224138_001_002_000_003.jpg,1
B_001_018_20230819225351_001_002_000_003.jpg,209,1,B_001_018_20230819225351_001_002_000_003.jpg,1
B_001_018_20230819225351_001_003_000_003.jpg,210,1,B_001_018_20230819225351_001_003_000_003.jpg,1
B_001_018_20230819225648_001_002_000_003.jpg,211,1,B_001_018_20230819225648_001_002_000_003.jpg,1
B_001_018_20230821195335_001_004_000_003.jpg,212,1,B_001_018_20230821195335_001_004_000_003.jpg,1
B_001_018_20230912153845_001_001_000_003.jpg,213,1,B_001_018_20230912153845_001_001_000_003.jpg,1
B_001_019_20230819190159_001_004_000_003.jpg,214,1,B_001_019_20230819190159_001_004_000_003.jpg,1
B_001_019_20230819190406_001_003_000_003.jpg,215,1,B_001_019_20230819190406_001_003_000_003.jpg,1
B_001_019_20230819191627_001_001_000_003.jpg,216,1,B_001_019_20230819191627_001_001_000_003.jpg,1
B_001_019_20230819192004_001_002_000_003.jpg,217,1,B_001_019_20230819192004_001_002_000_003.jpg,1
B_001_019_20230819195035_001_004_000_003.jpg,218,1,B_001_019_20230819195035_001_004_000_003.jpg,1
B_001_019_20230819200254_001_003_000_003.jpg,219,1,B_001_019_20230819200254_001_003_000_003.jpg,1
B_001_019_20230819200337_001_001_000_003.jpg,220,1,B_001_019_20230819200337_001_001_000_003.jpg,1
B_001_019_20230819200719_001_002_000_003.jpg,221,1,B_001_019_20230819200719_001_002_000_003.jpg,1
B_001_019_20230819201520_001_001_000_003.jpg,222,1,B_001_019_20230819201520_001_001_000_003.jpg,1
B_001_019_20230819202026_001_004_000_003.jpg,223,1,B_001_019_20230819202026_001_004_000_003.jpg,1
B_001_019_20230819203111_001_004_000_003.jpg,224,1,B_001_019_20230819203111_001_004_000_003.jpg,1
B_001_019_20230819203155_001_001_000_003.jpg,225,1,B_001_019_20230819203155_001_001_000_003.jpg,1
B_001_019_20230819203407_001_001_000_003.jpg,226,1,B_001_019_20230819203407_001_001_000_003.jpg,1
B_001_019_20230819210939_001_001_000_003.jpg,227,1,B_001_019_20230819210939_001_001_000_003.jpg,1
B_001_019_20230819214723_001_001_000_003.jpg,228,1,B_001_019_20230819214723_001_001_000_003.jpg,1
B_001_019_20230819215315_001_001_000_003.jpg,229,1,B_001_019_20230819215315_001_001_000_003.jpg,1
B_001_019_20230819220318_001_001_000_003.jpg,230,1,B_001_019_20230819220318_001_001_000_003.jpg,1
B_001_019_20230819222752_001_003_000_003.jpg,231,1,B_001_019_20230819222752_001_003_000_003.jpg,1
B_001_019_20230819224643_001_002_000_003.jpg,232,1,B_001_019_20230819224643_001_002_000_003.jpg,1
B_001_019_20230819225941_001_001_000_003.jpg,233,1,B_001_019_20230819225941_001_001_000_003.jpg,1
B_001_019_20230912104930_001_001_000_003.jpg,234,1,B_001_019_20230912104930_001_001_000_003.jpg,1
B_001_020_20230819182134_001_004_000_003.jpg,235,1,B_001_020_20230819182134_001_004_000_003.jpg,1
B_001_020_20230819182342_001_002_000_003.jpg,236,1,B_001_020_20230819182342_001_002_000_003.jpg,1
B_001_020_20230819184150_001_003_000_003.jpg,237,1,B_001_020_20230819184150_001_003_000_003.jpg,1
B_001_020_20230819184655_001_003_000_003.jpg,238,1,B_001_020_20230819184655_001_003_000_003.jpg,1
B_001_020_20230819185615_001_002_000_003.jpg,239,1,B_001_020_20230819185615_001_002_000_003.jpg,1
B_001_020_20230819190619_001_002_000_003.jpg,240,1,B_001_020_20230819190619_001_002_000_003.jpg,1
B_001_020_20230819192214_001_004_000_003.jpg,241,1,B_001_020_20230819192214_001_004_000_003.jpg,1
B_001_020_20230819194151_001_001_000_003.jpg,242,1,B_001_020_20230819194151_001_001_000_003.jpg,1
B_001_020_20230819195835_001_001_000_003.jpg,243,1,B_001_020_20230819195835_001_001_000_003.jpg,1
B_001_020_20230819212621_001_001_000_003.jpg,244,1,B_001_020_20230819212621_001_001_000_003.jpg,1
B_001_020_20230819212834_001_001_000_003.jpg,245,1,B_001_020_20230819212834_001_001_000_003.jpg,1
B_001_020_20230819213633_001_003_000_003.jpg,246,1,B_001_020_20230819213633_001_003_000_003.jpg,1
B_001_020_20230819222710_001_001_000_003.jpg,247,1,B_001_020_20230819222710_001_001_000_003.jpg,1
B_001_020_20230904164255_001_001_000_003.jpg,248,1,B_001_020_20230904164255_001_001_000_003.jpg,1
B_001_021_20230819183433_001_004_000_003.jpg,249,1,B_001_021_20230819183433_001_004_000_003.jpg,1
B_001_021_20230819183810_001_004_000_003.jpg,250,1,B_001_021_20230819183810_001_004_000_003.jpg,1
B_001_021_20230819185409_001_004_000_003.jpg,251,1,B_001_021_20230819185409_001_004_000_003.jpg,1
B_001_021_20230819192933_001_003_000_003.jpg,252,1,B_001_021_20230819192933_001_003_000_003.jpg,1
B_001_021_20230819193227_001_004_000_003.jpg,253,1,B_001_021_20230819193227_001_004_000_003.jpg,1
B_001_021_20230819194238_001_001_000_003.jpg,254,1,B_001_021_20230819194238_001_001_000_003.jpg,1
B_001_021_20230819194404_001_004_000_003.jpg,255,1,B_001_021_20230819194404_001_004_000_003.jpg,1
B_001_021_20230819195920_001_002_000_003.jpg,256,1,B_001_021_20230819195920_001_002_000_003.jpg,1
B_001_021_20230819201016_001_001_000_003.jpg,257,1,B_001_021_20230819201016_001_001_000_003.jpg,1
B_001_021_20230819203537_001_004_000_003.jpg,258,1,B_001_021_20230819203537_001_004_000_003.jpg,1
B_001_021_20230819203912_001_004_000_003.jpg,259,1,B_001_021_20230819203912_001_004_000_003.jpg,1
B_001_021_20230819220157_001_002_000_003.jpg,260,1,B_001_021_20230819220157_001_002_000_003.jpg,1
B_001_021_20230819222630_001_001_000_003.jpg,261,1,B_001_021_20230819222630_001_001_000_003.jpg,1
B_001_021_20230819223718_001_003_000_003.jpg,262,1,B_001_021_20230819223718_001_003_000_003.jpg,1
B_001_021_20230819223718_001_004_000_003.jpg,263,1,B_001_021_20230819223718_001_004_000_003.jpg,1
B_001_021_20230819224016_001_003_000_003.jpg,264,1,B_001_021_20230819224016_001_003_000_003.jpg,1
B_001_021_20230819224226_001_004_000_003.jpg,265,1,B_001_021_20230819224226_001_004_000_003.jpg,1
B_001_021_20230903130514_001_002_000_003.jpg,266,1,B_001_021_20230903130514_001_002_000_003.jpg,1
B_001_022_20230819182345_001_003_000_003.jpg,267,1,B_001_022_20230819182345_001_003_000_003.jpg,1
B_001_022_20230819182804_001_003_000_003.jpg,268,1,B_001_022_20230819182804_001_003_000_003.jpg,1
B_001_022_20230819184532_001_001_000_003.jpg,269,1,B_001_022_20230819184532_001_001_000_003.jpg,1
B_001_022_20230819184825_001_001_000_003.jpg,270,1,B_001_022_20230819184825_001_001_000_003.jpg,1
B_001_022_20230819185032_001_001_000_003.jpg,271,1,B_001_022_20230819185032_001_001_000_003.jpg,1
B_001_022_20230819185536_001_004_000_003.jpg,272,1,B_001_022_20230819185536_001_004_000_003.jpg,1
B_001_022_20230819191210_001_003_000_003.jpg,273,1,B_001_022_20230819191210_001_003_000_003.jpg,1
B_001_022_20230819192341_001_001_000_003.jpg,274,1,B_001_022_20230819192341_001_001_000_003.jpg,1
B_001_022_20230819194745_001_004_000_003.jpg,275,1,B_001_022_20230819194745_001_004_000_003.jpg,1
B_001_022_20230819202823_001_002_000_003.jpg,276,1,B_001_022_20230819202823_001_002_000_003.jpg,1
B_001_022_20230819203116_001_002_000_003.jpg,277,1,B_001_022_20230819203116_001_002_000_003.jpg,1
B_001_022_20230819203619_001_003_000_003.jpg,278,1,B_001_022_20230819203619_001_003_000_003.jpg,1
B_001_022_20230819210101_001_001_000_003.jpg,279,1,B_001_022_20230819210101_001_001_000_003.jpg,1
B_001_022_20230819211404_001_004_000_003.jpg,280,1,B_001_022_20230819211404_001_004_000_003.jpg,1
B_001_022_20230819211952_001_003_000_003.jpg,281,1,B_001_022_20230819211952_001_003_000_003.jpg,1
B_001_022_20230819221544_001_001_000_003.jpg,282,1,B_001_022_20230819221544_001_001_000_003.jpg,1
B_001_023_20230819183223_001_001_000_003.jpg,283,1,B_001_023_20230819183223_001_001_000_003.jpg,1
B_001_023_20230819190918_001_003_000_003.jpg,284,1,B_001_023_20230819190918_001_003_000_003.jpg,1
B_001_023_20230819192640_001_002_000_003.jpg,285,1,B_001_023_20230819192640_001_002_000_003.jpg,1
B_001_023_20230819193359_001_003_000_003.jpg,286,1,B_001_023_20230819193359_001_003_000_003.jpg,1
B_001_023_20230819202033_001_001_000_003.jpg,287,1,B_001_023_20230819202033_001_001_000_003.jpg,1
B_001_023_20230819211113_001_002_000_003.jpg,288,1,B_001_023_20230819211113_001_002_000_003.jpg,1
B_001_023_20230819211614_001_004_000_003.jpg,289,1,B_001_023_20230819211614_001_004_000_003.jpg,1
B_001_023_20230819212330_001_001_000_003.jpg,290,1,B_001_023_20230819212330_001_001_000_003.jpg,1
B_001_023_20230819214016_001_003_000_003.jpg,291,1,B_001_023_20230819214016_001_003_000_003.jpg,1
B_001_023_20230819224816_001_001_000_003.jpg,292,1,B_001_023_20230819224816_001_001_000_003.jpg,1
B_001_023_20230821184356_001_004_000_003.jpg,293,1,B_001_023_20230821184356_001_004_000_003.jpg,1
B_001_023_20230821190718_001_003_000_003.jpg,294,1,B_001_023_20230821190718_001_003_000_003.jpg,1
B_001_023_20230821190802_001_004_000_003.jpg,295,1,B_001_023_20230821190802_001_004_000_003.jpg,1
B_001_023_20230821192319_001_002_000_003.jpg,296,1,B_001_023_20230821192319_001_002_000_003.jpg,1
B_001_023_20230821194543_001_004_000_003.jpg,297,1,B_001_023_20230821194543_001_004_000_003.jpg,1
B_001_023_20230821195343_001_001_000_003.jpg,298,1,B_001_023_20230821195343_001_001_000_003.jpg,1
B_001_023_20230821195511_001_002_000_003.jpg,299,1,B_001_023_20230821195511_001_002_000_003.jpg,1
B_001_023_20230821202313_001_003_000_003.jpg,300,1,B_001_023_20230821202313_001_003_000_003.jpg,1
B_001_023_20230821210255_001_004_000_003.jpg,301,1,B_001_023_20230821210255_001_004_000_003.jpg,1
B_001_023_20230821211002_001_002_000_003.jpg,302,1,B_001_023_20230821211002_001_002_000_003.jpg,1
B_001_023_20230821211002_001_003_000_003.jpg,303,1,B_001_023_20230821211002_001_003_000_003.jpg,1
B_001_023_20230821215215_001_002_000_003.jpg,304,1,B_001_023_20230821215215_001_002_000_003.jpg,1
B_001_023_20230821221013_001_001_000_003.jpg,305,1,B_001_023_20230821221013_001_001_000_003.jpg,1
B_001_023_20230821222910_001_004_000_003.jpg,306,1,B_001_023_20230821222910_001_004_000_003.jpg,1
B_001_023_20230821223625_001_004_000_003.jpg,307,1,B_001_023_20230821223625_001_004_000_003.jpg,1
B_001_023_20230821225056_001_004_000_003.jpg,308,1,B_001_023_20230821225056_001_004_000_003.jpg,1
B_001_023_20230822180133_001_003_000_003.jpg,309,1,B_001_023_20230822180133_001_003_000_003.jpg,1
B_001_023_20230822182312_001_003_000_003.jpg,310,1,B_001_023_20230822182312_001_003_000_003.jpg,1
B_001_023_20230822182441_001_003_000_003.jpg,311,1,B_001_023_20230822182441_001_003_000_003.jpg,1
B_001_023_20230822183741_001_002_000_003.jpg,312,1,B_001_023_20230822183741_001_002_000_003.jpg,1
B_001_023_20230822185209_001_001_000_003.jpg,313,1,B_001_023_20230822185209_001_001_000_003.jpg,1
B_001_023_20230822190514_001_004_000_003.jpg,314,1,B_001_023_20230822190514_001_004_000_003.jpg,1
B_001_023_20230822191441_001_002_000_003.jpg,315,1,B_001_023_20230822191441_001_002_000_003.jpg,1
B_001_023_20230822191824_001_003_000_003.jpg,316,1,B_001_023_20230822191824_001_003_000_003.jpg,1
B_001_023_20230822193717_001_003_000_003.jpg,317,1,B_001_023_20230822193717_001_003_000_003.jpg,1
B_001_023_20230822193845_001_001_000_003.jpg,318,1,B_001_023_20230822193845_001_001_000_003.jpg,1
B_001_023_20230822195400_001_004_000_003.jpg,319,1,B_001_023_20230822195400_001_004_000_003.jpg,1
B_001_023_20230822205709_001_003_000_003.jpg,320,1,B_001_023_20230822205709_001_003_000_003.jpg,1
B_001_023_20230902134259_001_003_000_003.jpg,321,1,B_001_023_20230902134259_001_003_000_003.jpg,1
B_001_023_20230912105433_001_001_000_003.jpg,322,1,B_001_023_20230912105433_001_001_000_003.jpg,1
B_001_023_20230912155519_001_001_000_003.jpg,323,1,B_001_023_20230912155519_001_001_000_003.jpg,1
B_001_024_20230819183057_001_003_000_003.jpg,324,1,B_001_024_20230819183057_001_003_000_003.jpg,1
B_001_024_20230819191257_001_003_000_003.jpg,325,1,B_001_024_20230819191257_001_003_000_003.jpg,1
B_001_024_20230819191506_001_002_000_003.jpg,326,1,B_001_024_20230819191506_001_002_000_003.jpg,1
B_001_024_20230819200431_001_003_000_003.jpg,327,1,B_001_024_20230819200431_001_003_000_003.jpg,1
B_001_024_20230819205941_001_001_000_003.jpg,328,1,B_001_024_20230819205941_001_001_000_003.jpg,1
B_001_024_20230819213218_001_002_000_003.jpg,329,1,B_001_024_20230819213218_001_002_000_003.jpg,1
B_001_024_20230819221503_001_003_000_003.jpg,330,1,B_001_024_20230819221503_001_003_000_003.jpg,1
B_001_024_20230819222424_001_002_000_003.jpg,331,1,B_001_024_20230819222424_001_002_000_003.jpg,1
B_001_024_20230820182214_001_002_000_003.jpg,332,1,B_001_024_20230820182214_001_002_000_003.jpg,1
B_001_024_20230820184402_001_001_000_003.jpg,333,1,B_001_024_20230820184402_001_001_000_003.jpg,1
B_001_024_20230820185201_001_002_000_003.jpg,334,1,B_001_024_20230820185201_001_002_000_003.jpg,1
B_001_024_20230820192946_001_001_000_003.jpg,335,1,B_001_024_20230820192946_001_001_000_003.jpg,1
B_001_024_20230821112545_001_002_000_003.jpg,336,1,B_001_024_20230821112545_001_002_000_003.jpg,1
B_001_024_20230821112639_001_004_000_003.jpg,337,1,B_001_024_20230821112639_001_004_000_003.jpg,1
B_001_024_20230902135704_001_004_000_003.jpg,338,1,B_001_024_20230902135704_001_004_000_003.jpg,1
B_001_025_20230819195212_001_001_000_003.jpg,339,1,B_001_025_20230819195212_001_001_000_003.jpg,1
B_001_025_20230819215743_001_002_000_003.jpg,340,1,B_001_025_20230819215743_001_002_000_003.jpg,1
B_001_025_20230819221925_001_004_000_003.jpg,341,1,B_001_025_20230819221925_001_004_000_003.jpg,1
B_001_025_20230819222508_001_004_000_003.jpg,342,1,B_001_025_20230819222508_001_004_000_003.jpg,1
B_001_025_20230819224818_001_003_000_003.jpg,343,1,B_001_025_20230819224818_001_003_000_003.jpg,1
B_001_025_20230821215010_001_001_000_003.jpg,344,1,B_001_025_20230821215010_001_001_000_003.jpg,1
B_001_025_20230821220220_001_004_000_003.jpg,345,1,B_001_025_20230821220220_001_004_000_003.jpg,1
B_001_025_20230822185927_001_004_000_003.jpg,346,1,B_001_025_20230822185927_001_004_000_003.jpg,1
B_001_025_20230822211943_001_001_000_003.jpg,347,1,B_001_025_20230822211943_001_001_000_003.jpg,1
B_001_025_20230822212321_001_002_000_003.jpg,348,1,B_001_025_20230822212321_001_002_000_003.jpg,1
B_001_025_20230822212403_001_001_000_003.jpg,349,1,B_001_025_20230822212403_001_001_000_003.jpg,1
B_001_025_20230827103306_001_002_000_003.jpg,350,1,B_001_025_20230827103306_001_002_000_003.jpg,1
B_001_025_20230827103308_001_003_000_003.jpg,351,1,B_001_025_20230827103308_001_003_000_003.jpg,1
B_001_025_20230828111459_001_001_000_003.jpg,352,1,B_001_025_20230828111459_001_001_000_003.jpg,1
B_001_025_20230828111747_001_003_000_003.jpg,353,1,B_001_025_20230828111747_001_003_000_003.jpg,1
B_001_025_20230829160437_001_001_000_003.jpg,354,1,B_001_025_20230829160437_001_001_000_003.jpg,1
B_001_025_20230829163424_001_001_000_003.jpg,355,1,B_001_025_20230829163424_001_001_000_003.jpg,1
B_001_025_20230912110452_001_001_000_003.jpg,356,1,B_001_025_20230912110452_001_001_000_003.jpg,1
B_001_025_20230912125844_001_001_000_003.jpg,357,1,B_001_025_20230912125844_001_001_000_003.jpg,1
B_001_025_20230912155841_001_001_000_003.jpg,358,1,B_001_025_20230912155841_001_001_000_003.jpg,1
B_001_026_20230819184200_001_003_000_003.jpg,359,1,B_001_026_20230819184200_001_003_000_003.jpg,1
B_001_026_20230819191804_001_001_000_003.jpg,360,1,B_001_026_20230819191804_001_001_000_003.jpg,1
B_001_026_20230819200304_001_002_000_003.jpg,361,1,B_001_026_20230819200304_001_002_000_003.jpg,1
B_001_026_20230819204424_001_003_000_003.jpg,362,1,B_001_026_20230819204424_001_003_000_003.jpg,1
B_001_026_20230819205732_001_001_000_003.jpg,363,1,B_001_026_20230819205732_001_001_000_003.jpg,1
B_001_026_20230819224652_001_003_000_003.jpg,364,1,B_001_026_20230819224652_001_003_000_003.jpg,1
B_001_026_20230819225615_001_001_000_003.jpg,365,1,B_001_026_20230819225615_001_001_000_003.jpg,1
B_001_026_20230820191136_001_003_000_003.jpg,366,1,B_001_026_20230820191136_001_003_000_003.jpg,1
B_001_026_20230820192607_001_001_000_003.jpg,367,1,B_001_026_20230820192607_001_001_000_003.jpg,1
B_001_026_20230820192649_001_001_000_003.jpg,368,1,B_001_026_20230820192649_001_001_000_003.jpg,1
B_001_026_20230820194637_001_001_000_003.jpg,369,1,B_001_026_20230820194637_001_001_000_003.jpg,1
B_001_026_20230820195606_001_002_000_003.jpg,370,1,B_001_026_20230820195606_001_002_000_003.jpg,1
B_001_026_20230820200449_001_002_000_003.jpg,371,1,B_001_026_20230820200449_001_002_000_003.jpg,1
B_001_026_20230820211155_001_002_000_003.jpg,372,1,B_001_026_20230820211155_001_002_000_003.jpg,1
B_001_026_20230820211155_001_004_000_003.jpg,373,1,B_001_026_20230820211155_001_004_000_003.jpg,1
B_001_026_20230820212749_001_004_000_003.jpg,374,1,B_001_026_20230820212749_001_004_000_003.jpg,1
B_001_026_20230820213553_001_001_000_003.jpg,375,1,B_001_026_20230820213553_001_001_000_003.jpg,1
B_001_026_20230912113334_001_001_000_003.jpg,376,1,B_001_026_20230912113334_001_001_000_003.jpg,1
B_001_027_20230819184245_001_001_000_003.jpg,377,1,B_001_027_20230819184245_001_001_000_003.jpg,1
B_001_027_20230819185500_001_001_000_003.jpg,378,1,B_001_027_20230819185500_001_001_000_003.jpg,1
B_001_027_20230819191050_001_004_000_003.jpg,379,1,B_001_027_20230819191050_001_004_000_003.jpg,1
B_001_027_20230819193023_001_001_000_003.jpg,380,1,B_001_027_20230819193023_001_001_000_003.jpg,1
B_001_027_20230819194120_001_003_000_003.jpg,381,1,B_001_027_20230819194120_001_003_000_003.jpg,1
B_001_027_20230819194542_001_003_000_003.jpg,382,1,B_001_027_20230819194542_001_003_000_003.jpg,1
B_001_027_20230819203754_001_002_000_003.jpg,383,1,B_001_027_20230819203754_001_002_000_003.jpg,1
B_001_027_20230819215701_001_001_000_003.jpg,384,1,B_001_027_20230819215701_001_001_000_003.jpg,1
B_001_027_20230819222554_001_003_000_003.jpg,385,1,B_001_027_20230819222554_001_003_000_003.jpg,1
B_001_027_20230819223940_001_004_000_003.jpg,386,1,B_001_027_20230819223940_001_004_000_003.jpg,1
B_001_027_20230819225403_001_003_000_003.jpg,387,1,B_001_027_20230819225403_001_003_000_003.jpg,1
B_001_027_20230820221616_001_003_000_003.jpg,388,1,B_001_027_20230820221616_001_003_000_003.jpg,1
B_001_027_20230821181209_001_003_000_003.jpg,389,1,B_001_027_20230821181209_001_003_000_003.jpg,1
B_001_027_20230821213501_001_004_000_003.jpg,390,1,B_001_027_20230821213501_001_004_000_003.jpg,1
B_001_027_20230821214218_001_001_000_003.jpg,391,1,B_001_027_20230821214218_001_001_000_003.jpg,1
B_001_027_20230825111912_001_004_000_003.jpg,392,1,B_001_027_20230825111912_001_004_000_003.jpg,1
B_001_027_20230912113347_001_001_000_003.jpg,393,1,B_001_027_20230912113347_001_001_000_003.jpg,1
B_001_027_20230912130135_001_001_000_003.jpg,394,1,B_001_027_20230912130135_001_001_000_003.jpg,1
B_001_028_20230819191135_001_004_000_003.jpg,395,1,B_001_028_20230819191135_001_004_000_003.jpg,1
B_001_028_20230819195931_001_004_000_003.jpg,396,1,B_001_028_20230819195931_001_004_000_003.jpg,1
B_001_028_20230819200649_001_001_000_003.jpg,397,1,B_001_028_20230819200649_001_001_000_003.jpg,1
B_001_028_20230819211622_001_003_000_003.jpg,398,1,B_001_028_20230819211622_001_003_000_003.jpg,1
B_001_028_20230819213728_001_001_000_003.jpg,399,1,B_001_028_20230819213728_001_001_000_003.jpg,1
B_001_028_20230819221131_001_002_000_003.jpg,400,1,B_001_028_20230819221131_001_002_000_003.jpg,1
B_001_028_20230819223515_001_001_000_003.jpg,401,1,B_001_028_20230819223515_001_001_000_003.jpg,1
B_001_028_20230819224740_001_001_000_003.jpg,402,1,B_001_028_20230819224740_001_001_000_003.jpg,1
B_001_028_20230821115455_001_002_000_003.jpg,403,1,B_001_028_20230821115455_001_002_000_003.jpg,1
B_001_028_20230823105529_001_002_000_003.jpg,404,1,B_001_028_20230823105529_001_002_000_003.jpg,1
B_001_028_20230823105625_001_002_000_003.jpg,405,1,B_001_028_20230823105625_001_002_000_003.jpg,1
B_001_028_20230823105656_001_001_000_003.jpg,406,1,B_001_028_20230823105656_001_001_000_003.jpg,1
B_001_028_20230823105707_001_002_000_003.jpg,407,1,B_001_028_20230823105707_001_002_000_003.jpg,1
B_001_028_20230902144649_001_003_000_003.jpg,408,1,B_001_028_20230902144649_001_003_000_003.jpg,1
B_001_028_20230912160629_001_001_000_003.jpg,409,1,B_001_028_20230912160629_001_001_000_003.jpg,1
B_001_029_20230819184709_001_003_000_003.jpg,410,1,B_001_029_20230819184709_001_003_000_003.jpg,1
B_001_029_20230819191557_001_001_000_003.jpg,411,1,B_001_029_20230819191557_001_001_000_003.jpg,1
B_001_029_20230819192146_001_003_000_003.jpg,412,1,B_001_029_20230819192146_001_003_000_003.jpg,1
B_001_029_20230819195724_001_002_000_003.jpg,413,1,B_001_029_20230819195724_001_002_000_003.jpg,1
B_001_029_20230819201408_001_001_000_003.jpg,414,1,B_001_029_20230819201408_001_001_000_003.jpg,1
B_001_029_20230819201959_001_002_000_003.jpg,415,1,B_001_029_20230819201959_001_002_000_003.jpg,1
B_001_029_20230819202834_001_004_000_003.jpg,416,1,B_001_029_20230819202834_001_004_000_003.jpg,1
B_001_029_20230819205015_001_002_000_003.jpg,417,1,B_001_029_20230819205015_001_002_000_003.jpg,1
B_001_029_20230819205229_001_004_000_003.jpg,418,1,B_001_029_20230819205229_001_004_000_003.jpg,1
B_001_029_20230819215915_001_003_000_003.jpg,419,1,B_001_029_20230819215915_001_003_000_003.jpg,1
B_001_030_20230819211040_001_001_000_003.jpg,420,1,B_001_030_20230819211040_001_001_000_003.jpg,1
B_001_030_20230820182600_001_001_000_003.jpg,421,1,B_001_030_20230820182600_001_001_000_003.jpg,1
B_001_030_20230820184246_001_001_000_003.jpg,422,1,B_001_030_20230820184246_001_001_000_003.jpg,1
B_001_030_20230820192238_001_001_000_003.jpg,423,1,B_001_030_20230820192238_001_001_000_003.jpg,1
B_001_030_20230820193335_001_001_000_003.jpg,424,1,B_001_030_20230820193335_001_001_000_003.jpg,1
B_001_030_20230820220406_001_001_000_003.jpg,425,1,B_001_030_20230820220406_001_001_000_003.jpg,1
B_001_030_20230820225406_001_001_000_003.jpg,426,1,B_001_030_20230820225406_001_001_000_003.jpg,1
B_001_030_20230912161003_001_001_000_003.jpg,427,1,B_001_030_20230912161003_001_001_000_003.jpg,1
B_001_030_20230912161011_001_001_000_003.jpg,428,1,B_001_030_20230912161011_001_001_000_003.jpg,1
C_001_021_20230904115917_001_001_000_003.jpg,429,1,C_001_021_20230904115917_001_001_000_003.jpg,1
C_001_021_20230904115937_001_001_000_003.jpg,430,1,C_001_021_20230904115937_001_001_000_003.jpg,1
C_001_021_20230904124851_001_001_000_003.jpg,431,1,C_001_021_20230904124851_001_001_000_003.jpg,1
C_001_021_20230904125101_001_001_000_003.jpg,432,1,C_001_021_20230904125101_001_001_000_003.jpg,1
C_001_021_20230904125501_001_001_000_003.jpg,856,14,C_001_021_20230904125501_001_001_000_003.jpg,1
C_001_021_20230904213828_001_001_000_003.jpg,856,14,C_001_021_20230904125501_001_001_000_003.jpg,0
C_001_021_20230917140119_001_001_000_003.jpg,856,14,C_001_021_20230904125501_001_001_000_003.jpg,0
C_002_001_20231011094650_001_002_000_000.jpg,856,14,C_001_021_20230904125501_001_001_000_003.jpg,0
C_002_001_20231011132512_001_002_000_000.jpg,856,14,C_001_021_20230904125501_001_001_000_003.jpg,0
C_002_001_20231011153645_001_002_000_000.jpg,856,14,C_001_021_20230904125501_001_001_000_003.jpg,0
C_002_002_20231012143034_001_002_000_000.jpg,856,14,C_001_021_20230904125501_001_001_000_003.jpg,0
C_002_003_20231013145014_001_002_000_000.jpg,856,14,C_001_021_20230904125501_001_001_000_003.jpg,0
C_003_001_20230904161612_001_003_000_000.jpg,856,14,C_001_021_20230904125501_001_001_000_003.jpg,0
C_006_011_20230904154859_001_006_000_000.jpg,856,14,C_001_021_20230904125501_001_001_000_003.jpg,0
C_006_011_20230904161119_001_006_000_000.jpg,856,14,C_001_021_20230904125501_001_001_000_003.jpg,0
C_010_022_20230904155115_001_010_000_000.jpg,856,14,C_001_021_20230904125501_001_001_000_003.jpg,0
C_010_023_20230904150743_001_010_000_000.jpg,856,14,C_001_021_20230904125501_001_001_000_003.jpg,0
C_011_024_20230904171915_001_011_000_000.jpg,856,14,C_001_021_20230904125501_001_001_000_003.jpg,0
C_001_021_20230904125603_001_001_000_003.jpg,434,1,C_001_021_20230904125603_001_001_000_003.jpg,1
C_001_021_20230904125701_001_001_000_003.jpg,435,1,C_001_021_20230904125701_001_001_000_003.jpg,1
C_001_021_20230904204921_001_001_000_003.jpg,436,1,C_001_021_20230904204921_001_001_000_003.jpg,1
C_001_019_20231013163521_001_001_000_000.jpg,860,19,C_001_019_20231013163521_001_001_000_000.jpg,1
C_001_021_20230904211403_001_001_000_003.jpg,860,19,C_001_019_20231013163521_001_001_000_000.jpg,0
C_001_021_20230904213624_001_001_000_003.jpg,860,19,C_001_019_20231013163521_001_001_000_000.jpg,0
C_001_022_20230831152417_001_001_000_003.jpg,860,19,C_001_019_20231013163521_001_001_000_000.jpg,0
C_001_022_20230904231620_001_001_000_003.jpg,860,19,C_001_019_20231013163521_001_001_000_000.jpg,0
C_001_023_20230904133045_001_001_000_003.jpg,860,19,C_001_019_20231013163521_001_001_000_000.jpg,0
C_002_002_20231012095434_001_002_000_000.jpg,860,19,C_001_019_20231013163521_001_001_000_000.jpg,0
C_004_005_20230906154436_001_004_000_000.jpg,860,19,C_001_019_20231013163521_001_001_000_000.jpg,0
C_004_005_20230907082057_001_004_000_000.jpg,860,19,C_001_019_20231013163521_001_001_000_000.jpg,0
C_004_006_20230906162831_001_004_000_000.jpg,860,19,C_001_019_20231013163521_001_001_000_000.jpg,0
C_006_012_20230906163353_001_006_000_000.jpg,860,19,C_001_019_20231013163521_001_001_000_000.jpg,0
C_006_012_20230906170152_001_006_000_000.jpg,860,19,C_001_019_20231013163521_001_001_000_000.jpg,0
C_006_012_20230906175043_001_006_000_000.jpg,860,19,C_001_019_20231013163521_001_001_000_000.jpg,0
C_009_020_20230906173439_001_009_000_000.jpg,860,19,C_001_019_20231013163521_001_001_000_000.jpg,0
C_010_021_20230906174809_001_010_000_000.jpg,860,19,C_001_019_20231013163521_001_001_000_000.jpg,0
C_011_025_20230906173826_001_011_000_000.jpg,860,19,C_001_019_20231013163521_001_001_000_000.jpg,0
C_011_026_20230905084127_001_011_000_000.jpg,860,19,C_001_019_20231013163521_001_001_000_000.jpg,0
C_012_028_20230904165149_001_012_000_000.jpg,860,19,C_001_019_20231013163521_001_001_000_000.jpg,0
C_012_029_20230906165126_001_012_000_000.jpg,860,19,C_001_019_20231013163521_001_001_000_000.jpg,0
C_001_019_20231013141058_001_001_000_000.jpg,900,12,C_001_019_20231013141058_001_001_000_000.jpg,1
C_001_019_20231013142750_001_001_000_000.jpg,900,12,C_001_019_20231013141058_001_001_000_000.jpg,0
C_001_021_20230904213302_001_001_000_003.jpg,900,12,C_001_019_20231013141058_001_001_000_000.jpg,0
C_001_021_20231001234951_001_001_000_003.jpg,900,12,C_001_019_20231013141058_001_001_000_000.jpg,0
C_004_005_20230912155811_001_004_000_000.jpg,900,12,C_001_019_20231013141058_001_001_000_000.jpg,0
C_005_009_20230911081343_001_005_000_000.jpg,900,12,C_001_019_20231013141058_001_001_000_000.jpg,0
C_006_012_20230912145754_001_006_000_000.jpg,900,12,C_001_019_20231013141058_001_001_000_000.jpg,0
C_007_013_20230912155731_001_007_000_000.jpg,900,12,C_001_019_20231013141058_001_001_000_000.jpg,0
C_008_018_20230902144433_001_008_000_000.jpg,900,12,C_001_019_20231013141058_001_001_000_000.jpg,0
C_009_020_20230902155721_001_009_000_000.jpg,900,12,C_001_019_20231013141058_001_001_000_000.jpg,0
C_010_023_20230912132715_001_010_000_000.jpg,900,12,C_001_019_20231013141058_001_001_000_000.jpg,0
C_011_024_20230902171213_001_011_000_000.jpg,900,12,C_001_019_20231013141058_001_001_000_000.jpg,0
C_001_021_20230904213706_001_001_000_003.jpg,778,16,C_001_021_20230904213706_001_001_000_003.jpg,1
C_002_001_20231011102307_001_002_000_000.jpg,778,16,C_001_021_20230904213706_001_001_000_003.jpg,0
C_002_001_20231011130834_001_002_000_000.jpg,778,16,C_001_021_20230904213706_001_001_000_003.jpg,0
C_002_001_20231011131133_001_002_000_000.jpg,778,16,C_001_021_20230904213706_001_001_000_003.jpg,0
C_002_001_20231011132754_001_002_000_000.jpg,778,16,C_001_021_20230904213706_001_001_000_003.jpg,0
C_002_003_20231013112430_001_002_000_000.jpg,778,16,C_001_021_20230904213706_001_001_000_003.jpg,0
C_003_001_20230912143836_001_003_000_000.jpg,778,16,C_001_021_20230904213706_001_001_000_003.jpg,0
C_003_003_20230912140142_001_003_000_000.jpg,778,16,C_001_021_20230904213706_001_001_000_003.jpg,0
C_004_004_20230902145722_001_004_000_000.jpg,778,16,C_001_021_20230904213706_001_001_000_003.jpg,0
C_004_004_20230912141507_001_004_000_000.jpg,778,16,C_001_021_20230904213706_001_001_000_003.jpg,0
C_005_007_20230829141407_001_005_000_000.jpg,778,16,C_001_021_20230904213706_001_001_000_003.jpg,0
C_006_010_20230902144918_001_006_000_000.jpg,778,16,C_001_021_20230904213706_001_001_000_003.jpg,0
C_007_012_20230912143808_001_007_000_000.jpg,778,16,C_001_021_20230904213706_001_001_000_003.jpg,0
C_007_014_20230828084412_001_007_000_000.jpg,778,16,C_001_021_20230904213706_001_001_000_003.jpg,0
C_009_018_20230912160822_001_009_000_000.jpg,778,16,C_001_021_20230904213706_001_001_000_003.jpg,0
C_012_029_20230907065031_001_012_000_000.jpg,778,16,C_001_021_20230904213706_001_001_000_003.jpg,0
C_001_021_20230904214702_001_001_000_003.jpg,703,17,C_001_021_20230904214702_001_001_000_003.jpg,1
C_001_022_20230831151225_001_001_000_003.jpg,703,17,C_001_021_20230904214702_001_001_000_003.jpg,0
C_001_023_20230901164732_001_001_000_003.jpg,703,17,C_001_021_20230904214702_001_001_000_003.jpg,0
C_002_001_20230909110033_001_001_000_000.jpg,703,17,C_001_021_20230904214702_001_001_000_003.jpg,0
C_002_001_20230909112703_001_001_000_000.jpg,703,17,C_001_021_20230904214702_001_001_000_003.jpg,0
C_002_001_20231011135715_001_002_000_000.jpg,703,17,C_001_021_20230904214702_001_001_000_003.jpg,0
C_002_002_20231012111907_001_002_000_000.jpg,703,17,C_001_021_20230904214702_001_001_000_003.jpg,0
C_002_002_20231012133834_001_002_000_000.jpg,703,17,C_001_021_20230904214702_001_001_000_003.jpg,0
C_002_025_20230826151602_001_001_000_000.jpg,703,17,C_001_021_20230904214702_001_001_000_003.jpg,0
C_003_003_20230827152628_001_003_000_000.jpg,703,17,C_001_021_20230904214702_001_001_000_003.jpg,0
C_004_004_20230906180407_001_004_000_000.jpg,703,17,C_001_021_20230904214702_001_001_000_003.jpg,0
C_005_008_20230904161438_001_005_000_000.jpg,703,17,C_001_021_20230904214702_001_001_000_003.jpg,0
C_006_011_20230827172315_001_006_000_000.jpg,703,17,C_001_021_20230904214702_001_001_000_003.jpg,0
C_007_014_20230827173525_001_007_000_000.jpg,703,17,C_001_021_20230904214702_001_001_000_003.jpg,0
C_009_018_20230827161240_001_009_000_000.jpg,703,17,C_001_021_20230904214702_001_001_000_003.jpg,0
C_011_026_20230911082855_001_011_000_000.jpg,703,17,C_001_021_20230904214702_001_001_000_003.jpg,0
C_012_029_20230827164055_001_012_000_000.jpg,703,17,C_001_021_20230904214702_001_001_000_003.jpg,0
C_001_021_20230917140447_001_001_000_003.jpg,444,1,C_001_021_20230917140447_001_001_000_003.jpg,1
C_001_021_20230917140703_001_001_000_003.jpg,445,1,C_001_021_20230917140703_001_001_000_003.jpg,1
C_001_021_20230917142047_001_001_000_003.jpg,446,1,C_001_021_20230917142047_001_001_000_003.jpg,1
C_001_021_20230917142503_001_001_000_003.jpg,447,1,C_001_021_20230917142503_001_001_000_003.jpg,1
C_001_021_20231001204527_001_001_000_003.jpg,448,1,C_001_021_20231001204527_001_001_000_003.jpg,1
C_001_021_20231001204603_001_001_000_003.jpg,449,1,C_001_021_20231001204603_001_001_000_003.jpg,1
C_001_021_20231001205157_001_001_000_003.jpg,450,1,C_001_021_20231001205157_001_001_000_003.jpg,1
C_001_021_20231001211427_001_001_000_003.jpg,451,1,C_001_021_20231001211427_001_001_000_003.jpg,1
C_001_019_20231013104650_001_001_000_000.jpg,452,2,C_001_019_20231013104650_001_001_000_000.jpg,1
C_001_021_20231001211959_001_001_000_003.jpg,452,2,C_001_019_20231013104650_001_001_000_000.jpg,0
C_001_021_20231001213103_001_001_000_003.jpg,453,1,C_001_021_20231001213103_001_001_000_003.jpg,1
C_001_021_20231001214643_001_001_000_003.jpg,487,8,C_001_021_20231001214643_001_001_000_003.jpg,1
C_001_022_20230904131933_001_001_000_003.jpg,487,8,C_001_021_20231001214643_001_001_000_003.jpg,0
C_001_022_20230904233410_001_001_000_003.jpg,487,8,C_001_021_20231001214643_001_001_000_003.jpg,0
C_002_001_20231011142308_001_002_000_000.jpg,487,8,C_001_021_20231001214643_001_001_000_003.jpg,0
C_002_001_20231011163944_001_002_000_000.jpg,487,8,C_001_021_20231001214643_001_001_000_003.jpg,0
C_003_003_20230904152616_001_003_000_000.jpg,487,8,C_001_021_20231001214643_001_001_000_003.jpg,0
C_005_007_20230904155644_001_005_000_000.jpg,487,8,C_001_021_20231001214643_001_001_000_003.jpg,0
C_010_021_20230825183624_001_010_000_000.jpg,487,8,C_001_021_20231001214643_001_001_000_003.jpg,0
C_001_021_20231001215257_001_001_000_003.jpg,455,1,C_001_021_20231001215257_001_001_000_003.jpg,1
C_001_021_20231001220413_001_001_000_003.jpg,456,1,C_001_021_20231001220413_001_001_000_003.jpg,1
C_001_021_20231001220817_001_001_000_003.jpg,457,1,C_001_021_20231001220817_001_001_000_003.jpg,1
C_001_021_20231001224255_001_001_000_003.jpg,458,2,C_001_021_20231001224255_001_001_000_003.jpg,1
C_008_016_20230825180830_001_008_000_000.jpg,458,2,C_001_021_20231001224255_001_001_000_003.jpg,0
C_001_021_20231001231713_001_001_000_003.jpg,459,1,C_001_021_20231001231713_001_001_000_003.jpg,1
C_001_021_20231001235257_001_001_000_003.jpg,461,1,C_001_021_20231001235257_001_001_000_003.jpg,1
C_001_021_20231001235405_001_001_000_003.jpg,462,1,C_001_021_20231001235405_001_001_000_003.jpg,1
C_001_021_20231001235639_001_001_000_003.jpg,463,1,C_001_021_20231001235639_001_001_000_003.jpg,1
C_001_021_20231001235705_001_001_000_003.jpg,794,3,C_001_021_20231001235705_001_001_000_003.jpg,1
C_004_005_20230829145027_001_004_000_000.jpg,794,3,C_001_021_20231001235705_001_001_000_003.jpg,0
C_012_029_20230829152726_001_012_000_000.jpg,794,3,C_001_021_20231001235705_001_001_000_003.jpg,0
C_001_022_20230821185842_001_001_000_003.jpg,465,1,C_001_022_20230821185842_001_001_000_003.jpg,1
C_001_022_20230821190418_001_001_000_003.jpg,466,3,C_001_022_20230821190418_001_001_000_003.jpg,1
C_001_022_20230831153655_001_001_000_003.jpg,466,3,C_001_022_20230821190418_001_001_000_003.jpg,0
C_004_006_20230904174029_001_004_000_000.jpg,466,3,C_001_022_20230821190418_001_001_000_003.jpg,0
C_001_022_20230821191632_001_001_000_003.jpg,467,1,C_001_022_20230821191632_001_001_000_003.jpg,1
C_001_022_20230821191750_001_001_000_003.jpg,468,1,C_001_022_20230821191750_001_001_000_003.jpg,1
C_001_022_20230821192322_001_001_000_003.jpg,469,1,C_001_022_20230821192322_001_001_000_003.jpg,1
C_001_022_20230831153317_001_001_000_003.jpg,472,1,C_001_022_20230831153317_001_001_000_003.jpg,1
C_001_022_20230901150654_001_001_000_003.jpg,474,1,C_001_022_20230901150654_001_001_000_003.jpg,1
C_001_022_20230901150810_001_001_000_003.jpg,475,2,C_001_022_20230901150810_001_001_000_003.jpg,1
C_002_012_20230828151757_001_001_000_000.jpg,475,2,C_001_022_20230901150810_001_001_000_003.jpg,0
C_001_022_20230903110959_001_001_000_003.jpg,476,1,C_001_022_20230903110959_001_001_000_003.jpg,1
C_001_022_20230904223128_001_001_000_003.jpg,478,1,C_001_022_20230904223128_001_001_000_003.jpg,1
C_001_022_20230904223316_001_001_000_003.jpg,479,1,C_001_022_20230904223316_001_001_000_003.jpg,1
C_001_022_20230904223530_001_001_000_003.jpg,480,1,C_001_022_20230904223530_001_001_000_003.jpg,1
C_001_022_20230904223952_001_001_000_003.jpg,481,1,C_001_022_20230904223952_001_001_000_003.jpg,1
C_001_022_20230904225714_001_001_000_003.jpg,482,1,C_001_022_20230904225714_001_001_000_003.jpg,1
C_001_022_20230904230246_001_001_000_003.jpg,483,1,C_001_022_20230904230246_001_001_000_003.jpg,1
C_001_022_20230904231226_001_001_000_003.jpg,484,1,C_001_022_20230904231226_001_001_000_003.jpg,1
C_001_022_20230904232126_001_001_000_003.jpg,486,1,C_001_022_20230904232126_001_001_000_003.jpg,1
C_001_022_20230904233532_001_001_000_003.jpg,488,1,C_001_022_20230904233532_001_001_000_003.jpg,1
C_001_023_20230903112915_001_001_000_003.jpg,490,1,C_001_023_20230903112915_001_001_000_003.jpg,1
C_001_023_20230904132523_001_001_000_003.jpg,491,1,C_001_023_20230904132523_001_001_000_003.jpg,1
C_001_023_20230904133037_001_001_000_003.jpg,492,1,C_001_023_20230904133037_001_001_000_003.jpg,1
C_001_018_20230826162125_001_001_000_000.jpg,494,2,C_001_018_20230826162125_001_001_000_000.jpg,1
C_001_023_20230904133213_001_001_000_003.jpg,494,2,C_001_018_20230826162125_001_001_000_000.jpg,0
C_002_001_20230819131224_001_001_000_003.jpg,495,1,C_002_001_20230819131224_001_001_000_003.jpg,1
C_002_003_20230819140236_001_001_000_003.jpg,496,2,C_002_003_20230819140236_001_001_000_003.jpg,1
C_002_003_20230819140239_001_001_000_003.jpg,496,2,C_002_003_20230819140236_001_001_000_003.jpg,0
C_002_023_20230821193016_001_001_000_003.jpg,498,1,C_002_023_20230821193016_001_001_000_003.jpg,1
C_002_023_20230821193632_001_001_000_003.jpg,499,2,C_002_023_20230821193632_001_001_000_003.jpg,1
C_006_010_20230905072554_001_006_000_000.jpg,499,2,C_002_023_20230821193632_001_001_000_003.jpg,0
B_001_001_20230905140435_001_002_000_000.jpg,500,1,B_001_001_20230905140435_001_002_000_000.jpg,1
B_001_001_20230907110744_001_003_000_000.jpg,501,1,B_001_001_20230907110744_001_003_000_000.jpg,1
B_001_001_20230907111158_001_004_000_000.jpg,502,1,B_001_001_20230907111158_001_004_000_000.jpg,1
B_001_001_20230909115725_001_003_000_000.jpg,503,1,B_001_001_20230909115725_001_003_000_000.jpg,1
B_001_001_20230910105435_001_003_000_000.jpg,504,1,B_001_001_20230910105435_001_003_000_000.jpg,1
B_001_002_20230819140159_001_003_000_000.jpg,505,1,B_001_002_20230819140159_001_003_000_000.jpg,1
B_001_002_20230825081614_001_001_000_000.jpg,506,1,B_001_002_20230825081614_001_001_000_000.jpg,1
B_001_002_20230904140309_001_003_000_000.jpg,507,1,B_001_002_20230904140309_001_003_000_000.jpg,1
B_001_002_20230904140356_001_004_000_000.jpg,508,1,B_001_002_20230904140356_001_004_000_000.jpg,1
B_001_002_20230908145202_001_001_000_000.jpg,509,1,B_001_002_20230908145202_001_001_000_000.jpg,1
B_001_003_20230823082835_001_004_000_000.jpg,510,1,B_001_003_20230823082835_001_004_000_000.jpg,1
B_001_003_20230823082924_001_002_000_000.jpg,511,1,B_001_003_20230823082924_001_002_000_000.jpg,1
B_001_003_20230823134318_001_002_000_000.jpg,512,1,B_001_003_20230823134318_001_002_000_000.jpg,1
B_001_003_20230825082123_001_004_000_000.jpg,513,1,B_001_003_20230825082123_001_004_000_000.jpg,1
B_001_003_20230825131745_001_003_000_000.jpg,514,1,B_001_003_20230825131745_001_003_000_000.jpg,1
B_001_003_20230829090024_001_001_000_000.jpg,515,1,B_001_003_20230829090024_001_001_000_000.jpg,1
B_001_003_20230829131553_001_003_000_000.jpg,516,1,B_001_003_20230829131553_001_003_000_000.jpg,1
B_001_004_20230904142118_001_002_000_000.jpg,517,1,B_001_004_20230904142118_001_002_000_000.jpg,1
B_001_004_20230910113658_001_004_000_000.jpg,518,1,B_001_004_20230910113658_001_004_000_000.jpg,1
B_001_004_20230910113855_001_004_000_000.jpg,519,1,B_001_004_20230910113855_001_004_000_000.jpg,1
B_001_005_20230820200754_001_004_000_000.jpg,520,1,B_001_005_20230820200754_001_004_000_000.jpg,1
B_001_005_20230821090757_001_003_000_000.jpg,521,1,B_001_005_20230821090757_001_003_000_000.jpg,1
B_001_005_20230825083223_001_003_000_000.jpg,522,1,B_001_005_20230825083223_001_003_000_000.jpg,1
B_001_005_20230827132449_001_003_000_000.jpg,523,1,B_001_005_20230827132449_001_003_000_000.jpg,1
B_001_005_20230907120004_001_002_000_000.jpg,524,1,B_001_005_20230907120004_001_002_000_000.jpg,1
B_001_005_20230908090123_001_003_000_000.jpg,525,1,B_001_005_20230908090123_001_003_000_000.jpg,1
B_001_005_20230910114953_001_004_000_000.jpg,526,1,B_001_005_20230910114953_001_004_000_000.jpg,1
B_001_006_20230823135709_001_002_000_000.jpg,527,1,B_001_006_20230823135709_001_002_000_000.jpg,1
B_001_006_20230824083226_001_002_000_000.jpg,528,1,B_001_006_20230824083226_001_002_000_000.jpg,1
B_001_006_20230825133313_001_002_000_000.jpg,529,1,B_001_006_20230825133313_001_002_000_000.jpg,1
B_001_006_20230825133534_001_004_000_000.jpg,530,1,B_001_006_20230825133534_001_004_000_000.jpg,1
B_001_006_20230828082609_001_002_000_000.jpg,531,1,B_001_006_20230828082609_001_002_000_000.jpg,1
B_001_006_20230904143736_001_004_000_000.jpg,532,1,B_001_006_20230904143736_001_004_000_000.jpg,1
B_001_006_20230904143746_001_004_000_000.jpg,533,1,B_001_006_20230904143746_001_004_000_000.jpg,1
B_001_006_20230909133859_001_002_000_000.jpg,534,1,B_001_006_20230909133859_001_002_000_000.jpg,1
B_001_006_20230910115820_001_004_000_000.jpg,535,1,B_001_006_20230910115820_001_004_000_000.jpg,1
B_001_007_20230826090335_001_001_000_000.jpg,536,1,B_001_007_20230826090335_001_001_000_000.jpg,1
B_001_007_20230906083655_001_003_000_000.jpg,537,1,B_001_007_20230906083655_001_003_000_000.jpg,1
B_001_007_20230906151913_001_001_000_000.jpg,538,1,B_001_007_20230906151913_001_001_000_000.jpg,1
B_001_007_20230906152056_001_004_000_000.jpg,539,1,B_001_007_20230906152056_001_004_000_000.jpg,1
B_001_008_20230908093637_001_001_000_000.jpg,540,1,B_001_008_20230908093637_001_001_000_000.jpg,1
B_001_008_20230910135329_001_001_000_000.jpg,541,1,B_001_008_20230910135329_001_001_000_000.jpg,1
B_001_008_20230910135407_001_003_000_000.jpg,542,1,B_001_008_20230910135407_001_003_000_000.jpg,1
B_001_009_20230825135357_001_002_000_000.jpg,543,1,B_001_009_20230825135357_001_002_000_000.jpg,1
B_001_009_20230909140014_001_003_000_000.jpg,544,1,B_001_009_20230909140014_001_003_000_000.jpg,1
B_001_010_20230826135654_001_003_000_000.jpg,545,1,B_001_010_20230826135654_001_003_000_000.jpg,1
B_001_010_20230829140515_001_004_000_000.jpg,546,1,B_001_010_20230829140515_001_004_000_000.jpg,1
B_001_010_20230906091357_001_003_000_000.jpg,547,1,B_001_010_20230906091357_001_003_000_000.jpg,1
B_001_010_20230910140224_001_003_000_000.jpg,548,1,B_001_010_20230910140224_001_003_000_000.jpg,1
B_001_011_20230819151024_001_002_000_000.jpg,549,1,B_001_011_20230819151024_001_002_000_000.jpg,1
B_001_011_20230904153336_001_001_000_000.jpg,550,1,B_001_011_20230904153336_001_001_000_000.jpg,1
B_001_011_20230908163546_001_002_000_000.jpg,551,1,B_001_011_20230908163546_001_002_000_000.jpg,1
B_001_011_20230909142653_001_003_000_000.jpg,552,1,B_001_011_20230909142653_001_003_000_000.jpg,1
B_001_011_20230910141026_001_001_000_000.jpg,553,1,B_001_011_20230910141026_001_001_000_000.jpg,1
B_001_012_20230819151849_001_001_000_000.jpg,554,1,B_001_012_20230819151849_001_001_000_000.jpg,1
B_001_012_20230820115323_001_002_000_000.jpg,555,1,B_001_012_20230820115323_001_002_000_000.jpg,1
B_001_012_20230824141239_001_002_000_000.jpg,556,1,B_001_012_20230824141239_001_002_000_000.jpg,1
B_001_012_20230826143225_001_002_000_000.jpg,557,1,B_001_012_20230826143225_001_002_000_000.jpg,1
B_001_012_20230826143225_001_003_000_000.jpg,558,1,B_001_012_20230826143225_001_003_000_000.jpg,1
B_001_012_20230901132221_001_003_000_000.jpg,559,1,B_001_012_20230901132221_001_003_000_000.jpg,1
B_001_012_20230904153959_001_003_000_000.jpg,560,1,B_001_012_20230904153959_001_003_000_000.jpg,1
B_001_012_20230907142616_001_001_000_000.jpg,561,1,B_001_012_20230907142616_001_001_000_000.jpg,1
B_001_012_20230907142834_001_004_000_000.jpg,562,1,B_001_012_20230907142834_001_004_000_000.jpg,1
B_001_012_20230907142940_001_001_000_000.jpg,563,1,B_001_012_20230907142940_001_001_000_000.jpg,1
B_001_012_20230908105653_001_002_000_000.jpg,564,1,B_001_012_20230908105653_001_002_000_000.jpg,1
B_001_012_20230908163635_001_001_000_000.jpg,565,1,B_001_012_20230908163635_001_001_000_000.jpg,1
B_001_012_20230909142748_001_004_000_000.jpg,566,1,B_001_012_20230909142748_001_004_000_000.jpg,1
B_001_013_20230901133944_001_003_000_000.jpg,567,1,B_001_013_20230901133944_001_003_000_000.jpg,1
B_001_013_20230910142250_001_004_000_000.jpg,568,1,B_001_013_20230910142250_001_004_000_000.jpg,1
B_001_014_20230831095145_001_001_000_000.jpg,569,1,B_001_014_20230831095145_001_001_000_000.jpg,1
B_001_014_20230908111304_001_003_000_000.jpg,570,1,B_001_014_20230908111304_001_003_000_000.jpg,1
B_001_014_20230908111924_001_001_000_000.jpg,571,1,B_001_014_20230908111924_001_001_000_000.jpg,1
B_001_014_20230909144845_001_001_000_000.jpg,572,1,B_001_014_20230909144845_001_001_000_000.jpg,1
B_001_015_20230831152816_001_004_000_000.jpg,573,1,B_001_015_20230831152816_001_004_000_000.jpg,1
B_001_015_20230902112524_001_003_000_000.jpg,574,1,B_001_015_20230902112524_001_003_000_000.jpg,1
B_001_015_20230909082731_001_004_000_000.jpg,575,1,B_001_015_20230909082731_001_004_000_000.jpg,1
B_001_015_20230909145357_001_002_000_000.jpg,576,1,B_001_015_20230909145357_001_002_000_000.jpg,1
B_001_016_20230906163226_001_002_000_000.jpg,577,1,B_001_016_20230906163226_001_002_000_000.jpg,1
B_001_018_20230826103249_001_003_000_000.jpg,578,1,B_001_018_20230826103249_001_003_000_000.jpg,1
B_001_018_20230826152230_001_001_000_000.jpg,579,1,B_001_018_20230826152230_001_001_000_000.jpg,1
B_001_018_20230827100708_001_003_000_000.jpg,580,1,B_001_018_20230827100708_001_003_000_000.jpg,1
B_001_018_20230827151426_001_001_000_000.jpg,581,1,B_001_018_20230827151426_001_001_000_000.jpg,1
B_001_018_20230827151808_001_004_000_000.jpg,582,1,B_001_018_20230827151808_001_004_000_000.jpg,1
B_001_018_20230830131904_001_004_000_000.jpg,583,1,B_001_018_20230830131904_001_004_000_000.jpg,1
B_001_018_20230909085843_001_004_000_000.jpg,584,1,B_001_018_20230909085843_001_004_000_000.jpg,1
B_001_019_20230823160925_001_003_000_000.jpg,585,1,B_001_019_20230823160925_001_003_000_000.jpg,1
B_001_019_20230824101340_001_001_000_000.jpg,586,1,B_001_019_20230824101340_001_001_000_000.jpg,1
B_001_019_20230824101352_001_003_000_000.jpg,587,1,B_001_019_20230824101352_001_003_000_000.jpg,1
B_001_019_20230824151340_001_004_000_000.jpg,588,1,B_001_019_20230824151340_001_004_000_000.jpg,1
B_001_019_20230825102333_001_002_000_000.jpg,589,1,B_001_019_20230825102333_001_002_000_000.jpg,1
B_001_019_20230828153457_001_004_000_000.jpg,590,1,B_001_019_20230828153457_001_004_000_000.jpg,1
B_001_019_20230904163710_001_002_000_000.jpg,591,1,B_001_019_20230904163710_001_002_000_000.jpg,1
B_001_019_20230906113636_001_002_000_000.jpg,592,1,B_001_019_20230906113636_001_002_000_000.jpg,1
B_001_019_20230906165336_001_001_000_000.jpg,593,1,B_001_019_20230906165336_001_001_000_000.jpg,1
B_001_020_20230907082431_001_004_000_000.jpg,594,1,B_001_020_20230907082431_001_004_000_000.jpg,1
B_001_020_20230907082614_001_003_000_000.jpg,595,1,B_001_020_20230907082614_001_003_000_000.jpg,1
B_001_021_20230910084354_001_001_000_000.jpg,596,1,B_001_021_20230910084354_001_001_000_000.jpg,1
B_001_021_20230910153211_001_001_000_000.jpg,597,1,B_001_021_20230910153211_001_001_000_000.jpg,1
B_001_021_20230910153249_001_002_000_000.jpg,598,1,B_001_021_20230910153249_001_002_000_000.jpg,1
B_001_021_20230910153637_001_004_000_000.jpg,599,1,B_001_021_20230910153637_001_004_000_000.jpg,1
B_001_022_20230824102655_001_004_000_000.jpg,600,1,B_001_022_20230824102655_001_004_000_000.jpg,1
B_001_022_20230824103008_001_001_000_000.jpg,601,1,B_001_022_20230824103008_001_001_000_000.jpg,1
B_001_022_20230826154804_001_003_000_000.jpg,602,1,B_001_022_20230826154804_001_003_000_000.jpg,1
B_001_022_20230905081518_001_001_000_000.jpg,603,1,B_001_022_20230905081518_001_001_000_000.jpg,1
B_001_022_20230908133419_001_002_000_000.jpg,604,1,B_001_022_20230908133419_001_002_000_000.jpg,1
B_001_022_20230908134025_001_001_000_000.jpg,605,1,B_001_022_20230908134025_001_001_000_000.jpg,1
B_001_022_20230910084719_001_001_000_000.jpg,606,1,B_001_022_20230910084719_001_001_000_000.jpg,1
B_001_023_20230820090148_001_001_000_000.jpg,607,1,B_001_023_20230820090148_001_001_000_000.jpg,1
B_001_023_20230821111634_001_002_000_000.jpg,608,1,B_001_023_20230821111634_001_002_000_000.jpg,1
B_001_023_20230907155815_001_003_000_000.jpg,609,1,B_001_023_20230907155815_001_003_000_000.jpg,1
B_001_023_20230910090617_001_003_000_000.jpg,610,1,B_001_023_20230910090617_001_003_000_000.jpg,1
B_001_023_20230910154640_001_004_000_000.jpg,611,1,B_001_023_20230910154640_001_004_000_000.jpg,1
B_001_023_20230910154714_001_002_000_000.jpg,612,1,B_001_023_20230910154714_001_002_000_000.jpg,1
B_001_023_20230910155035_001_001_000_000.jpg,613,1,B_001_023_20230910155035_001_001_000_000.jpg,1
B_001_024_20230909102810_001_003_000_000.jpg,614,1,B_001_024_20230909102810_001_003_000_000.jpg,1
B_001_024_20230909162709_001_003_000_000.jpg,615,1,B_001_024_20230909162709_001_003_000_000.jpg,1
B_001_024_20230910155651_001_002_000_000.jpg,616,1,B_001_024_20230910155651_001_002_000_000.jpg,1
B_001_025_20230907161202_001_001_000_000.jpg,617,1,B_001_025_20230907161202_001_001_000_000.jpg,1
B_001_025_20230907161231_001_001_000_000.jpg,618,1,B_001_025_20230907161231_001_001_000_000.jpg,1
B_001_025_20230909104609_001_003_000_000.jpg,619,1,B_001_025_20230909104609_001_003_000_000.jpg,1
B_001_025_20230910092131_001_001_000_000.jpg,620,1,B_001_025_20230910092131_001_001_000_000.jpg,1
B_001_025_20230910092353_001_004_000_000.jpg,621,1,B_001_025_20230910092353_001_004_000_000.jpg,1
B_001_026_20230904131603_001_002_000_000.jpg,622,1,B_001_026_20230904131603_001_002_000_000.jpg,1
B_001_026_20230905103502_001_004_000_000.jpg,623,1,B_001_026_20230905103502_001_004_000_000.jpg,1
B_001_026_20230905103507_001_002_000_000.jpg,624,1,B_001_026_20230905103507_001_002_000_000.jpg,1
B_001_026_20230905103704_001_004_000_000.jpg,625,1,B_001_026_20230905103704_001_004_000_000.jpg,1
B_001_026_20230905103906_001_004_000_000.jpg,626,1,B_001_026_20230905103906_001_004_000_000.jpg,1
B_001_027_20230825112011_001_002_000_000.jpg,627,1,B_001_027_20230825112011_001_002_000_000.jpg,1
B_001_027_20230829112851_001_002_000_000.jpg,628,1,B_001_027_20230829112851_001_002_000_000.jpg,1
B_001_027_20230909110210_001_002_000_000.jpg,629,1,B_001_027_20230909110210_001_002_000_000.jpg,1
B_001_028_20230824110025_001_003_000_000.jpg,630,1,B_001_028_20230824110025_001_003_000_000.jpg,1
B_001_028_20230825164058_001_003_000_000.jpg,631,1,B_001_028_20230825164058_001_003_000_000.jpg,1
B_001_028_20230826164149_001_004_000_000.jpg,632,1,B_001_028_20230826164149_001_004_000_000.jpg,1
B_001_028_20230827163459_001_001_000_000.jpg,633,1,B_001_028_20230827163459_001_001_000_000.jpg,1
B_001_028_20230831130614_001_004_000_000.jpg,634,1,B_001_028_20230831130614_001_004_000_000.jpg,1
B_001_028_20230907162943_001_003_000_000.jpg,635,1,B_001_028_20230907162943_001_003_000_000.jpg,1
B_001_029_20230822113144_001_001_000_000.jpg,636,1,B_001_029_20230822113144_001_001_000_000.jpg,1
B_001_029_20230907102218_001_004_000_000.jpg,637,1,B_001_029_20230907102218_001_004_000_000.jpg,1
B_001_029_20230907103847_001_002_000_000.jpg,638,1,B_001_029_20230907103847_001_002_000_000.jpg,1
B_001_029_20230907163310_001_002_000_000.jpg,639,1,B_001_029_20230907163310_001_002_000_000.jpg,1
B_001_029_20230907163319_001_001_000_000.jpg,640,1,B_001_029_20230907163319_001_001_000_000.jpg,1
B_001_029_20230909113306_001_001_000_000.jpg,641,1,B_001_029_20230909113306_001_001_000_000.jpg,1
B_001_030_20230905135551_001_001_000_000.jpg,642,1,B_001_030_20230905135551_001_001_000_000.jpg,1
B_001_030_20230906141225_001_004_000_000.jpg,643,1,B_001_030_20230906141225_001_004_000_000.jpg,1
B_001_030_20230910104623_001_001_000_000.jpg,644,1,B_001_030_20230910104623_001_001_000_000.jpg,1
C_001_001_20230831140409_001_001_000_000.jpg,645,1,C_001_001_20230831140409_001_001_000_000.jpg,1
C_001_002_20230829145715_001_001_000_000.jpg,646,1,C_001_002_20230829145715_001_001_000_000.jpg,1
C_001_002_20230829145737_001_001_000_000.jpg,647,1,C_001_002_20230829145737_001_001_000_000.jpg,1
C_001_005_20230821171650_001_001_000_000.jpg,648,1,C_001_005_20230821171650_001_001_000_000.jpg,1
C_001_005_20230821171952_001_001_000_000.jpg,649,1,C_001_005_20230821171952_001_001_000_000.jpg,1
C_001_005_20230821172456_001_001_000_000.jpg,650,1,C_001_005_20230821172456_001_001_000_000.jpg,1
C_001_005_20230821172540_001_001_000_000.jpg,651,1,C_001_005_20230821172540_001_001_000_000.jpg,1
C_001_005_20230821175515_001_001_000_000.jpg,652,1,C_001_005_20230821175515_001_001_000_000.jpg,1
C_001_005_20230821181255_001_001_000_000.jpg,653,1,C_001_005_20230821181255_001_001_000_000.jpg,1
C_001_006_20230822163518_001_001_000_000.jpg,654,1,C_001_006_20230822163518_001_001_000_000.jpg,1
C_001_013_20230822164044_001_001_000_000.jpg,655,1,C_001_013_20230822164044_001_001_000_000.jpg,1
C_001_013_20230822164124_001_001_000_000.jpg,656,1,C_001_013_20230822164124_001_001_000_000.jpg,1
C_001_015_20230828145032_001_001_000_000.jpg,657,1,C_001_015_20230828145032_001_001_000_000.jpg,1
C_001_017_20231011133646_001_001_000_000.jpg,658,1,C_001_017_20231011133646_001_001_000_000.jpg,1
C_001_017_20231011140334_001_001_000_000.jpg,659,1,C_001_017_20231011140334_001_001_000_000.jpg,1
C_001_017_20231011142748_001_001_000_000.jpg,660,1,C_001_017_20231011142748_001_001_000_000.jpg,1
C_001_017_20231011143806_001_001_000_000.jpg,661,1,C_001_017_20231011143806_001_001_000_000.jpg,1
C_001_018_20230826160933_001_001_000_000.jpg,662,1,C_001_018_20230826160933_001_001_000_000.jpg,1
C_001_018_20230826161023_001_001_000_000.jpg,663,1,C_001_018_20230826161023_001_001_000_000.jpg,1
C_001_018_20230826162655_001_001_000_000.jpg,665,1,C_001_018_20230826162655_001_001_000_000.jpg,1
C_001_018_20230826162705_001_001_000_000.jpg,666,1,C_001_018_20230826162705_001_001_000_000.jpg,1
C_001_018_20230826164937_001_001_000_000.jpg,667,1,C_001_018_20230826164937_001_001_000_000.jpg,1
C_001_018_20231012104840_001_001_000_000.jpg,668,1,C_001_018_20231012104840_001_001_000_000.jpg,1
C_001_018_20231012110234_001_001_000_000.jpg,669,1,C_001_018_20231012110234_001_001_000_000.jpg,1
C_001_018_20231012111524_001_001_000_000.jpg,670,1,C_001_018_20231012111524_001_001_000_000.jpg,1
C_001_018_20231012114428_001_001_000_000.jpg,671,1,C_001_018_20231012114428_001_001_000_000.jpg,1
C_001_018_20231012132436_001_001_000_000.jpg,672,1,C_001_018_20231012132436_001_001_000_000.jpg,1
C_001_018_20231012134814_001_001_000_000.jpg,673,1,C_001_018_20231012134814_001_001_000_000.jpg,1
C_001_018_20231012142320_001_001_000_000.jpg,674,1,C_001_018_20231012142320_001_001_000_000.jpg,1
C_001_018_20231012143714_001_001_000_000.jpg,675,3,C_001_018_20231012143714_001_001_000_000.jpg,1
C_003_001_20230904151906_001_003_000_000.jpg,675,3,C_001_018_20231012143714_001_001_000_000.jpg,0
C_005_007_20230904163451_001_005_000_000.jpg,675,3,C_001_018_20231012143714_001_001_000_000.jpg,0
C_001_018_20231012150622_001_001_000_000.jpg,676,1,C_001_018_20231012150622_001_001_000_000.jpg,1
C_001_018_20231012153632_001_001_000_000.jpg,677,1,C_001_018_20231012153632_001_001_000_000.jpg,1
C_001_018_20231012160316_001_001_000_000.jpg,678,1,C_001_018_20231012160316_001_001_000_000.jpg,1
C_001_018_20231012161804_001_001_000_000.jpg,679,1,C_001_018_20231012161804_001_001_000_000.jpg,1
C_001_018_20231012162240_001_001_000_000.jpg,680,1,C_001_018_20231012162240_001_001_000_000.jpg,1
C_001_018_20231012164100_001_001_000_000.jpg,681,1,C_001_018_20231012164100_001_001_000_000.jpg,1
C_001_018_20231012164852_001_001_000_000.jpg,682,1,C_001_018_20231012164852_001_001_000_000.jpg,1
C_001_019_20230909155531_001_001_000_000.jpg,683,1,C_001_019_20230909155531_001_001_000_000.jpg,1
C_001_019_20231013104752_001_001_000_000.jpg,685,1,C_001_019_20231013104752_001_001_000_000.jpg,1
C_001_019_20231013112220_001_001_000_000.jpg,686,1,C_001_019_20231013112220_001_001_000_000.jpg,1
C_001_019_20231013113554_001_001_000_000.jpg,687,1,C_001_019_20231013113554_001_001_000_000.jpg,1
C_001_019_20231013114920_001_001_000_000.jpg,688,1,C_001_019_20231013114920_001_001_000_000.jpg,1
C_001_019_20231013132952_001_001_000_000.jpg,689,1,C_001_019_20231013132952_001_001_000_000.jpg,1
C_001_019_20231013134852_001_001_000_000.jpg,690,1,C_001_019_20231013134852_001_001_000_000.jpg,1
C_001_019_20231013135444_001_001_000_000.jpg,691,1,C_001_019_20231013135444_001_001_000_000.jpg,1
C_001_019_20231013142908_001_001_000_000.jpg,694,1,C_001_019_20231013142908_001_001_000_000.jpg,1
C_001_019_20231013144757_001_001_000_000.jpg,695,1,C_001_019_20231013144757_001_001_000_000.jpg,1
C_001_019_20231013145309_001_001_000_000.jpg,696,1,C_001_019_20231013145309_001_001_000_000.jpg,1
C_001_019_20231013145841_001_001_000_000.jpg,697,1,C_001_019_20231013145841_001_001_000_000.jpg,1
C_001_019_20231013152347_001_001_000_000.jpg,698,1,C_001_019_20231013152347_001_001_000_000.jpg,1
C_001_019_20231013160357_001_001_000_000.jpg,699,1,C_001_019_20231013160357_001_001_000_000.jpg,1
C_001_019_20231013161221_001_001_000_000.jpg,700,1,C_001_019_20231013161221_001_001_000_000.jpg,1
C_001_019_20231013164317_001_001_000_000.jpg,702,1,C_001_019_20231013164317_001_001_000_000.jpg,1
C_002_001_20231011090903_001_002_000_000.jpg,705,2,C_002_001_20231011090903_001_002_000_000.jpg,1
C_008_016_20230904144733_001_008_000_000.jpg,705,2,C_002_001_20231011090903_001_002_000_000.jpg,0
C_002_001_20231011093915_001_002_000_000.jpg,706,1,C_002_001_20231011093915_001_002_000_000.jpg,1
C_002_001_20231011102223_001_002_000_000.jpg,708,1,C_002_001_20231011102223_001_002_000_000.jpg,1
C_002_001_20231011110646_001_002_000_000.jpg,710,1,C_002_001_20231011110646_001_002_000_000.jpg,1
C_002_001_20231011112308_001_002_000_000.jpg,711,1,C_002_001_20231011112308_001_002_000_000.jpg,1
C_002_001_20231011132119_001_002_000_000.jpg,714,1,C_002_001_20231011132119_001_002_000_000.jpg,1
C_002_001_20231011150909_001_002_000_000.jpg,719,1,C_002_001_20231011150909_001_002_000_000.jpg,1
C_002_001_20231011152913_001_002_000_000.jpg,720,1,C_002_001_20231011152913_001_002_000_000.jpg,1
C_002_002_20230909154257_001_001_000_000.jpg,723,1,C_002_002_20230909154257_001_001_000_000.jpg,1
C_002_002_20231012092226_001_002_000_000.jpg,724,1,C_002_002_20231012092226_001_002_000_000.jpg,1
C_002_002_20231012093047_001_002_000_000.jpg,725,1,C_002_002_20231012093047_001_002_000_000.jpg,1
C_002_002_20231012142600_001_002_000_000.jpg,729,1,C_002_002_20231012142600_001_002_000_000.jpg,1
C_002_002_20231012143424_001_002_000_000.jpg,731,1,C_002_002_20231012143424_001_002_000_000.jpg,1
C_002_002_20231012154244_001_002_000_000.jpg,732,1,C_002_002_20231012154244_001_002_000_000.jpg,1
C_002_002_20231012161523_001_002_000_000.jpg,733,1,C_002_002_20231012161523_001_002_000_000.jpg,1
C_002_002_20231012161738_001_002_000_000.jpg,734,1,C_002_002_20231012161738_001_002_000_000.jpg,1
C_002_002_20231012161941_001_002_000_000.jpg,735,1,C_002_002_20231012161941_001_002_000_000.jpg,1
C_002_003_20231013081500_001_002_000_000.jpg,736,1,C_002_003_20231013081500_001_002_000_000.jpg,1
C_002_003_20231013103401_001_002_000_000.jpg,737,1,C_002_003_20231013103401_001_002_000_000.jpg,1
C_002_003_20231013110701_001_002_000_000.jpg,738,1,C_002_003_20231013110701_001_002_000_000.jpg,1
C_002_003_20231013132759_001_002_000_000.jpg,740,1,C_002_003_20231013132759_001_002_000_000.jpg,1
C_002_003_20231013163343_001_002_000_000.jpg,742,1,C_002_003_20231013163343_001_002_000_000.jpg,1
C_002_004_20230821191947_001_001_000_000.jpg,743,1,C_002_004_20230821191947_001_001_000_000.jpg,1
C_002_007_20230820094742_001_001_000_000.jpg,744,1,C_002_007_20230820094742_001_001_000_000.jpg,1
C_002_012_20230828141638_001_001_000_000.jpg,745,1,C_002_012_20230828141638_001_001_000_000.jpg,1
C_002_012_20230828143809_001_001_000_000.jpg,746,1,C_002_012_20230828143809_001_001_000_000.jpg,1
C_002_025_20230826153446_001_001_000_000.jpg,749,1,C_002_025_20230826153446_001_001_000_000.jpg,1
C_002_025_20230826155212_001_001_000_000.jpg,750,1,C_002_025_20230826155212_001_001_000_000.jpg,1
C_002_026_20230826160733_001_001_000_000.jpg,751,1,C_002_026_20230826160733_001_001_000_000.jpg,1
C_002_026_20230826164907_001_001_000_000.jpg,752,1,C_002_026_20230826164907_001_001_000_000.jpg,1
C_002_027_20230826172400_001_001_000_000.jpg,753,1,C_002_027_20230826172400_001_001_000_000.jpg,1
C_002_027_20230826172608_001_001_000_000.jpg,754,2,C_002_027_20230826172608_001_001_000_000.jpg,1
C_007_013_20230904171926_001_007_000_000.jpg,754,2,C_002_027_20230826172608_001_001_000_000.jpg,0
C_003_001_20230831152203_001_003_000_000.jpg,965,12,C_003_001_20230831152203_001_003_000_000.jpg,1
C_006_009_20230831160908_001_006_000_000.jpg,965,12,C_003_001_20230831152203_001_003_000_000.jpg,0
C_006_011_20230830065228_001_006_000_000.jpg,965,12,C_003_001_20230831152203_001_003_000_000.jpg,0
C_008_015_20230831143330_001_008_000_000.jpg,965,12,C_003_001_20230831152203_001_003_000_000.jpg,0
C_009_019_20230831161950_001_009_000_000.jpg,965,12,C_003_001_20230831152203_001_003_000_000.jpg,0
C_009_019_20230831164757_001_009_000_000.jpg,965,12,C_003_001_20230831152203_001_003_000_000.jpg,0
C_009_021_20230904170650_001_009_000_000.jpg,965,12,C_003_001_20230831152203_001_003_000_000.jpg,0
C_010_023_20230831154905_001_010_000_000.jpg,965,12,C_003_001_20230831152203_001_003_000_000.jpg,0
C_011_024_20230831143224_001_011_000_000.jpg,965,12,C_003_001_20230831152203_001_003_000_000.jpg,0
C_011_025_20230831142801_001_011_000_000.jpg,965,12,C_003_001_20230831152203_001_003_000_000.jpg,0
C_011_025_20230831145352_001_011_000_000.jpg,965,12,C_003_001_20230831152203_001_003_000_000.jpg,0
C_011_025_20230831164736_001_011_000_000.jpg,965,12,C_003_001_20230831152203_001_003_000_000.jpg,0
C_003_001_20230908172303_001_003_000_000.jpg,758,1,C_003_001_20230908172303_001_003_000_000.jpg,1
C_003_001_20230908173155_001_003_000_000.jpg,759,2,C_003_001_20230908173155_001_003_000_000.jpg,1
C_004_006_20230908170408_001_004_000_000.jpg,759,2,C_003_001_20230908173155_001_003_000_000.jpg,0
C_003_001_20230910160130_001_003_000_000.jpg,760,1,C_003_001_20230910160130_001_003_000_000.jpg,1
C_003_001_20230912151133_001_003_000_000.jpg,762,2,C_003_001_20230912151133_001_003_000_000.jpg,1
C_009_018_20230902151804_001_009_000_000.jpg,762,2,C_003_001_20230912151133_001_003_000_000.jpg,0
C_003_001_20230912152046_001_003_000_000.jpg,763,1,C_003_001_20230912152046_001_003_000_000.jpg,1
C_003_002_20230831152300_001_003_000_000.jpg,764,1,C_003_002_20230831152300_001_003_000_000.jpg,1
C_003_002_20230905070240_001_003_000_000.jpg,765,1,C_003_002_20230905070240_001_003_000_000.jpg,1
C_003_002_20230905080423_001_003_000_000.jpg,766,1,C_003_002_20230905080423_001_003_000_000.jpg,1
C_003_002_20230906153902_001_003_000_000.jpg,767,1,C_003_002_20230906153902_001_003_000_000.jpg,1
C_003_002_20230908154544_001_003_000_000.jpg,768,1,C_003_002_20230908154544_001_003_000_000.jpg,1
C_003_002_20230912133250_001_003_000_000.jpg,769,1,C_003_002_20230912133250_001_003_000_000.jpg,1
C_003_003_20230827152345_001_003_000_000.jpg,770,1,C_003_003_20230827152345_001_003_000_000.jpg,1
C_003_003_20230829161404_001_003_000_000.jpg,772,1,C_003_003_20230829161404_001_003_000_000.jpg,1
C_003_003_20230904155518_001_003_000_000.jpg,774,1,C_003_003_20230904155518_001_003_000_000.jpg,1
C_003_003_20230904160809_001_003_000_000.jpg,775,1,C_003_003_20230904160809_001_003_000_000.jpg,1
C_003_003_20230904171936_001_003_000_000.jpg,776,1,C_003_003_20230904171936_001_003_000_000.jpg,1
C_003_003_20230912135900_001_003_000_000.jpg,777,1,C_003_003_20230912135900_001_003_000_000.jpg,1
C_003_003_20230912150829_001_003_000_000.jpg,779,1,C_003_003_20230912150829_001_003_000_000.jpg,1
C_004_003_20230831145035_001_004_000_000.jpg,780,1,C_004_003_20230831145035_001_004_000_000.jpg,1
C_004_004_20230826161427_001_004_000_000.jpg,781,2,C_004_004_20230826161427_001_004_000_000.jpg,1
C_007_013_20230904173847_001_007_000_000.jpg,781,2,C_004_004_20230826161427_001_004_000_000.jpg,0
C_004_004_20230827154914_001_004_000_000.jpg,782,1,C_004_004_20230827154914_001_004_000_000.jpg,1
C_004_004_20230827173124_001_004_000_000.jpg,783,1,C_004_004_20230827173124_001_004_000_000.jpg,1
C_004_004_20230831170002_001_004_000_000.jpg,784,1,C_004_004_20230831170002_001_004_000_000.jpg,1
C_004_004_20230903064536_001_004_000_000.jpg,786,1,C_004_004_20230903064536_001_004_000_000.jpg,1
C_004_004_20230906151016_001_004_000_000.jpg,787,1,C_004_004_20230906151016_001_004_000_000.jpg,1
C_004_004_20230907074853_001_004_000_000.jpg,789,1,C_004_004_20230907074853_001_004_000_000.jpg,1
C_004_004_20230910162535_001_004_000_000.jpg,790,1,C_004_004_20230910162535_001_004_000_000.jpg,1
C_004_005_20230824095844_001_004_000_000.jpg,792,1,C_004_005_20230824095844_001_004_000_000.jpg,1
C_004_005_20230829142824_001_004_000_000.jpg,793,1,C_004_005_20230829142824_001_004_000_000.jpg,1
C_004_005_20230907090319_001_004_000_000.jpg,797,1,C_004_005_20230907090319_001_004_000_000.jpg,1
C_004_005_20230910165009_001_004_000_000.jpg,798,1,C_004_005_20230910165009_001_004_000_000.jpg,1
C_004_005_20230910165631_001_004_000_000.jpg,799,1,C_004_005_20230910165631_001_004_000_000.jpg,1
C_004_005_20230911071727_001_004_000_000.jpg,800,1,C_004_005_20230911071727_001_004_000_000.jpg,1
C_004_006_20230824075645_001_004_000_000.jpg,802,3,C_004_006_20230824075645_001_004_000_000.jpg,1
C_005_008_20230829154347_001_005_000_000.jpg,802,3,C_004_006_20230824075645_001_004_000_000.jpg,0
C_011_024_20230829161109_001_011_000_000.jpg,802,3,C_004_006_20230824075645_001_004_000_000.jpg,0
C_004_006_20230825181727_001_004_000_000.jpg,803,1,C_004_006_20230825181727_001_004_000_000.jpg,1
C_004_006_20230828085128_001_004_000_000.jpg,804,2,C_004_006_20230828085128_001_004_000_000.jpg,1
C_009_019_20230825183547_001_009_000_000.jpg,804,2,C_004_006_20230828085128_001_004_000_000.jpg,0
C_004_006_20230908160411_001_004_000_000.jpg,807,2,C_004_006_20230908160411_001_004_000_000.jpg,1
C_011_024_20230908154218_001_011_000_000.jpg,807,2,C_004_006_20230908160411_001_004_000_000.jpg,0
C_004_006_20230910153213_001_004_000_000.jpg,809,1,C_004_006_20230910153213_001_004_000_000.jpg,1
C_004_006_20230912155425_001_004_000_000.jpg,810,1,C_004_006_20230912155425_001_004_000_000.jpg,1
C_005_006_20230904174635_001_005_000_000.jpg,811,1,C_005_006_20230904174635_001_005_000_000.jpg,1
C_005_006_20230905082116_001_005_000_000.jpg,812,1,C_005_006_20230905082116_001_005_000_000.jpg,1
C_005_006_20230910165454_001_005_000_000.jpg,813,2,C_005_006_20230910165454_001_005_000_000.jpg,1
C_011_025_20230902151844_001_011_000_000.jpg,813,2,C_005_006_20230910165454_001_005_000_000.jpg,0
C_005_007_20230825180004_001_005_000_000.jpg,814,1,C_005_007_20230825180004_001_005_000_000.jpg,1
C_005_007_20230828152845_001_005_000_000.jpg,815,1,C_005_007_20230828152845_001_005_000_000.jpg,1
C_005_007_20230831153100_001_005_000_000.jpg,817,1,C_005_007_20230831153100_001_005_000_000.jpg,1
C_005_007_20230902173015_001_005_000_000.jpg,818,1,C_005_007_20230902173015_001_005_000_000.jpg,1
C_005_007_20230910160846_001_005_000_000.jpg,821,1,C_005_007_20230910160846_001_005_000_000.jpg,1
C_005_008_20230825172041_001_005_000_000.jpg,822,1,C_005_008_20230825172041_001_005_000_000.jpg,1
C_005_008_20230826100415_001_005_000_000.jpg,823,1,C_005_008_20230826100415_001_005_000_000.jpg,1
C_005_008_20230827175703_001_005_000_000.jpg,824,1,C_005_008_20230827175703_001_005_000_000.jpg,1
C_005_008_20230831152245_001_005_000_000.jpg,826,2,C_005_008_20230831152245_001_005_000_000.jpg,1
C_008_015_20230830072850_001_008_000_000.jpg,826,2,C_005_008_20230831152245_001_005_000_000.jpg,0
C_005_008_20230902163704_001_005_000_000.jpg,827,1,C_005_008_20230902163704_001_005_000_000.jpg,1
C_005_008_20230903074840_001_005_000_000.jpg,828,1,C_005_008_20230903074840_001_005_000_000.jpg,1
C_005_008_20230907085106_001_005_000_000.jpg,830,1,C_005_008_20230907085106_001_005_000_000.jpg,1
C_005_008_20230908174319_001_005_000_000.jpg,831,1,C_005_008_20230908174319_001_005_000_000.jpg,1
C_005_009_20230831162826_001_005_000_000.jpg,832,1,C_005_009_20230831162826_001_005_000_000.jpg,1
C_005_009_20230908164206_001_005_000_000.jpg,833,1,C_005_009_20230908164206_001_005_000_000.jpg,1
C_005_009_20230908174822_001_005_000_000.jpg,834,1,C_005_009_20230908174822_001_005_000_000.jpg,1
C_005_009_20230912133734_001_005_000_000.jpg,836,1,C_005_009_20230912133734_001_005_000_000.jpg,1
C_006_009_20230827185042_001_006_000_000.jpg,837,1,C_006_009_20230827185042_001_006_000_000.jpg,1
C_006_009_20230827190556_001_006_000_000.jpg,838,1,C_006_009_20230827190556_001_006_000_000.jpg,1
C_006_010_20230825164628_001_006_000_000.jpg,840,1,C_006_010_20230825164628_001_006_000_000.jpg,1
C_006_010_20230825165936_001_006_000_000.jpg,841,2,C_006_010_20230825165936_001_006_000_000.jpg,1
C_008_016_20230910164031_001_008_000_000.jpg,841,2,C_006_010_20230825165936_001_006_000_000.jpg,0
C_006_010_20230827163818_001_006_000_000.jpg,842,1,C_006_010_20230827163818_001_006_000_000.jpg,1
C_006_010_20230829163456_001_006_000_000.jpg,843,1,C_006_010_20230829163456_001_006_000_000.jpg,1
C_006_010_20230831144344_001_006_000_000.jpg,844,2,C_006_010_20230831144344_001_006_000_000.jpg,1
C_011_024_20230831141736_001_011_000_000.jpg,844,2,C_006_010_20230831144344_001_006_000_000.jpg,0
C_006_010_20230902190737_001_006_000_000.jpg,846,1,C_006_010_20230902190737_001_006_000_000.jpg,1
C_006_010_20230904160625_001_006_000_000.jpg,847,1,C_006_010_20230904160625_001_006_000_000.jpg,1
C_006_010_20230908155225_001_006_000_000.jpg,849,1,C_006_010_20230908155225_001_006_000_000.jpg,1
C_006_011_20230831145112_001_006_000_000.jpg,852,2,C_006_011_20230831145112_001_006_000_000.jpg,1
C_011_025_20230831163725_001_011_000_000.jpg,852,2,C_006_011_20230831145112_001_006_000_000.jpg,0
C_006_011_20230902164018_001_006_000_000.jpg,853,1,C_006_011_20230902164018_001_006_000_000.jpg,1
C_006_011_20230903074114_001_006_000_000.jpg,854,1,C_006_011_20230903074114_001_006_000_000.jpg,1
C_006_012_20230829140159_001_006_000_000.jpg,857,1,C_006_012_20230829140159_001_006_000_000.jpg,1
C_006_012_20230830062603_001_006_000_000.jpg,858,1,C_006_012_20230830062603_001_006_000_000.jpg,1
C_006_012_20230906155811_001_006_000_000.jpg,859,1,C_006_012_20230906155811_001_006_000_000.jpg,1
C_006_012_20230907064844_001_006_000_000.jpg,863,1,C_006_012_20230907064844_001_006_000_000.jpg,1
C_006_012_20230912135645_001_006_000_000.jpg,864,1,C_006_012_20230912135645_001_006_000_000.jpg,1
C_007_012_20230829150411_001_007_000_000.jpg,866,1,C_007_012_20230829150411_001_007_000_000.jpg,1
C_007_013_20230826122523_001_007_000_000.jpg,868,1,C_007_013_20230826122523_001_007_000_000.jpg,1
C_007_013_20230904152327_001_007_000_000.jpg,869,1,C_007_013_20230904152327_001_007_000_000.jpg,1
C_007_013_20230908163934_001_007_000_000.jpg,872,1,C_007_013_20230908163934_001_007_000_000.jpg,1
C_007_014_20230829171109_001_007_000_000.jpg,876,1,C_007_014_20230829171109_001_007_000_000.jpg,1
C_007_014_20230903111405_001_007_000_000.jpg,877,1,C_007_014_20230903111405_001_007_000_000.jpg,1
C_007_014_20230906153028_001_007_000_000.jpg,878,1,C_007_014_20230906153028_001_007_000_000.jpg,1
C_007_014_20230906170251_001_007_000_000.jpg,879,2,C_007_014_20230906170251_001_007_000_000.jpg,1
C_008_018_20230831141907_001_008_000_000.jpg,879,2,C_007_014_20230906170251_001_007_000_000.jpg,0
C_007_014_20230910170136_001_007_000_000.jpg,880,1,C_007_014_20230910170136_001_007_000_000.jpg,1
C_007_014_20230912154409_001_007_000_000.jpg,881,1,C_007_014_20230912154409_001_007_000_000.jpg,1
C_008_015_20230903075201_001_008_000_000.jpg,884,1,C_008_015_20230903075201_001_008_000_000.jpg,1
C_008_015_20230907122602_001_008_000_000.jpg,885,1,C_008_015_20230907122602_001_008_000_000.jpg,1
C_008_016_20230908160809_001_008_000_000.jpg,888,1,C_008_016_20230908160809_001_008_000_000.jpg,1
C_008_016_20230908194332_001_008_000_000.jpg,889,1,C_008_016_20230908194332_001_008_000_000.jpg,1
C_008_017_20230825181031_001_008_000_000.jpg,891,1,C_008_017_20230825181031_001_008_000_000.jpg,1
C_008_017_20230827165600_001_008_000_000.jpg,892,1,C_008_017_20230827165600_001_008_000_000.jpg,1
C_008_017_20230904153838_001_008_000_000.jpg,942,5,C_008_017_20230904153838_001_008_000_000.jpg,1
C_009_019_20230911104240_001_009_000_000.jpg,942,5,C_008_017_20230904153838_001_008_000_000.jpg,0
C_009_020_20230912143844_001_009_000_000.jpg,942,5,C_008_017_20230904153838_001_008_000_000.jpg,0
C_010_022_20230825174158_001_010_000_000.jpg,942,5,C_008_017_20230904153838_001_008_000_000.jpg,0
C_012_029_20230831142949_001_012_000_000.jpg,942,5,C_008_017_20230904153838_001_008_000_000.jpg,0
C_008_017_20230904162244_001_008_000_000.jpg,894,2,C_008_017_20230904162244_001_008_000_000.jpg,1
C_012_027_20230831145944_001_012_000_000.jpg,894,2,C_008_017_20230904162244_001_008_000_000.jpg,0
C_008_017_20230905075623_001_008_000_000.jpg,895,1,C_008_017_20230905075623_001_008_000_000.jpg,1
C_008_017_20230910153826_001_008_000_000.jpg,896,1,C_008_017_20230910153826_001_008_000_000.jpg,1
C_008_017_20230912133133_001_008_000_000.jpg,897,1,C_008_017_20230912133133_001_008_000_000.jpg,1
C_008_018_20230829165345_001_008_000_000.jpg,898,1,C_008_018_20230829165345_001_008_000_000.jpg,1
C_009_018_20230907080358_001_009_000_000.jpg,903,1,C_009_018_20230907080358_001_009_000_000.jpg,1
C_009_018_20230908172734_001_009_000_000.jpg,904,1,C_009_018_20230908172734_001_009_000_000.jpg,1
C_009_018_20230912142048_001_009_000_000.jpg,905,1,C_009_018_20230912142048_001_009_000_000.jpg,1
C_009_019_20230827181905_001_009_000_000.jpg,908,1,C_009_019_20230827181905_001_009_000_000.jpg,1
C_009_019_20230829155551_001_009_000_000.jpg,909,2,C_009_019_20230829155551_001_009_000_000.jpg,1
C_012_027_20230901071858_001_012_000_000.jpg,909,2,C_009_019_20230829155551_001_009_000_000.jpg,0
C_009_019_20230829160507_001_009_000_000.jpg,910,1,C_009_019_20230829160507_001_009_000_000.jpg,1
C_009_019_20230829164306_001_009_000_000.jpg,911,1,C_009_019_20230829164306_001_009_000_000.jpg,1
C_009_019_20230830063113_001_009_000_000.jpg,912,1,C_009_019_20230830063113_001_009_000_000.jpg,1
C_009_019_20230831143213_001_009_000_000.jpg,913,1,C_009_019_20230831143213_001_009_000_000.jpg,1
C_009_019_20230831144113_001_009_000_000.jpg,914,1,C_009_019_20230831144113_001_009_000_000.jpg,1
C_009_019_20230904151913_001_009_000_000.jpg,917,1,C_009_019_20230904151913_001_009_000_000.jpg,1
C_009_019_20230910155219_001_009_000_000.jpg,918,1,C_009_019_20230910155219_001_009_000_000.jpg,1
C_009_019_20230910162410_001_009_000_000.jpg,919,1,C_009_019_20230910162410_001_009_000_000.jpg,1
C_009_019_20230912153450_001_009_000_000.jpg,921,1,C_009_019_20230912153450_001_009_000_000.jpg,1
C_009_020_20230827151913_001_009_000_000.jpg,922,1,C_009_020_20230827151913_001_009_000_000.jpg,1
C_009_020_20230827175922_001_009_000_000.jpg,923,1,C_009_020_20230827175922_001_009_000_000.jpg,1
C_009_020_20230829134758_001_009_000_000.jpg,924,1,C_009_020_20230829134758_001_009_000_000.jpg,1
C_009_020_20230829155422_001_009_000_000.jpg,925,1,C_009_020_20230829155422_001_009_000_000.jpg,1
C_009_020_20230831141322_001_009_000_000.jpg,926,1,C_009_020_20230831141322_001_009_000_000.jpg,1
C_009_021_20230905063227_001_009_000_000.jpg,931,1,C_009_021_20230905063227_001_009_000_000.jpg,1
C_010_021_20230824094131_001_010_000_000.jpg,932,1,C_010_021_20230824094131_001_010_000_000.jpg,1
C_010_021_20230825184019_001_010_000_000.jpg,934,1,C_010_021_20230825184019_001_010_000_000.jpg,1
C_010_021_20230829160808_001_010_000_000.jpg,935,1,C_010_021_20230829160808_001_010_000_000.jpg,1
C_010_021_20230830073117_001_010_000_000.jpg,936,1,C_010_021_20230830073117_001_010_000_000.jpg,1
C_010_021_20230902174734_001_010_000_000.jpg,937,1,C_010_021_20230902174734_001_010_000_000.jpg,1
C_010_021_20230903062150_001_010_000_000.jpg,938,1,C_010_021_20230903062150_001_010_000_000.jpg,1
C_010_021_20230910141750_001_010_000_000.jpg,940,1,C_010_021_20230910141750_001_010_000_000.jpg,1
C_010_021_20230912160454_001_010_000_000.jpg,941,1,C_010_021_20230912160454_001_010_000_000.jpg,1
C_010_022_20230825174839_001_010_000_000.jpg,943,1,C_010_022_20230825174839_001_010_000_000.jpg,1
C_010_022_20230825181700_001_010_000_000.jpg,944,1,C_010_022_20230825181700_001_010_000_000.jpg,1
C_010_022_20230827174722_001_010_000_000.jpg,945,1,C_010_022_20230827174722_001_010_000_000.jpg,1
C_010_022_20230830065155_001_010_000_000.jpg,946,1,C_010_022_20230830065155_001_010_000_000.jpg,1
C_010_022_20230831160954_001_010_000_000.jpg,947,1,C_010_022_20230831160954_001_010_000_000.jpg,1
C_010_022_20230908165427_001_010_000_000.jpg,949,1,C_010_022_20230908165427_001_010_000_000.jpg,1
C_010_023_20230827161003_001_010_000_000.jpg,950,1,C_010_023_20230827161003_001_010_000_000.jpg,1
C_010_023_20230827170100_001_010_000_000.jpg,951,1,C_010_023_20230827170100_001_010_000_000.jpg,1
C_010_023_20230827174700_001_010_000_000.jpg,952,1,C_010_023_20230827174700_001_010_000_000.jpg,1
C_010_023_20230829143457_001_010_000_000.jpg,953,2,C_010_023_20230829143457_001_010_000_000.jpg,1
C_010_023_20230912142226_001_010_000_000.jpg,953,2,C_010_023_20230829143457_001_010_000_000.jpg,0
C_010_023_20230904162229_001_010_000_000.jpg,956,1,C_010_023_20230904162229_001_010_000_000.jpg,1
C_010_023_20230910153647_001_010_000_000.jpg,957,1,C_010_023_20230910153647_001_010_000_000.jpg,1
C_010_024_20230906180935_001_010_000_000.jpg,960,1,C_010_024_20230906180935_001_010_000_000.jpg,1
C_010_024_20230910145410_001_010_000_000.jpg,961,1,C_010_024_20230910145410_001_010_000_000.jpg,1
C_011_024_20230829142705_001_011_000_000.jpg,962,1,C_011_024_20230829142705_001_011_000_000.jpg,1
C_011_024_20230906180227_001_011_000_000.jpg,968,1,C_011_024_20230906180227_001_011_000_000.jpg,1
C_011_024_20230910155736_001_011_000_000.jpg,970,1,C_011_024_20230910155736_001_011_000_000.jpg,1
C_011_024_20230912134519_001_011_000_000.jpg,971,1,C_011_024_20230912134519_001_011_000_000.jpg,1
C_011_025_20230904144624_001_011_000_000.jpg,977,1,C_011_025_20230904144624_001_011_000_000.jpg,1
C_011_025_20230908153435_001_011_000_000.jpg,979,1,C_011_025_20230908153435_001_011_000_000.jpg,1
C_011_026_20230903072244_001_011_000_000.jpg,980,1,C_011_026_20230903072244_001_011_000_000.jpg,1
C_011_026_20230907075409_001_011_000_000.jpg,982,1,C_011_026_20230907075409_001_011_000_000.jpg,1
C_012_027_20230831192908_001_012_000_000.jpg,985,1,C_012_027_20230831192908_001_012_000_000.jpg,1
C_012_027_20230902154458_001_012_000_000.jpg,987,1,C_012_027_20230902154458_001_012_000_000.jpg,1
C_012_028_20230826083905_001_012_000_000.jpg,988,1,C_012_028_20230826083905_001_012_000_000.jpg,1
C_012_028_20230829151953_001_012_000_000.jpg,989,1,C_012_028_20230829151953_001_012_000_000.jpg,1
C_012_028_20230906181336_001_012_000_000.jpg,991,1,C_012_028_20230906181336_001_012_000_000.jpg,1
C_012_029_20230828132942_001_012_000_000.jpg,993,1,C_012_029_20230828132942_001_012_000_000.jpg,1
C_012_029_20230906161554_001_012_000_000.jpg,996,1,C_012_029_20230906161554_001_012_000_000.jpg,1
C_012_029_20230908181102_001_012_000_000.jpg,999,1,C_012_029_20230908181102_001_012_000_000.jpg,1
