task,fold,reference,model,n,auc_ref,auc_model,auc_diff,delong_z,delong_p,mcnemar_b,mcnemar_c,mcnemar_n_discordant,mcnemar_p,delong_p_holm,delong_sig,mcnemar_p_holm,mcnemar_sig
you_chalk_brood,0,lgca_net,coatnet,429,0.9715502780965835,0.9779509137459168,-0.006400635649333353,-1.5696777261684736,0.1164901056601727,0,5,5,0.0625,1.0,0,1.0,0
you_chalk_brood,1,lgca_net,coatnet,342,0.9915926014893104,0.9919700765244841,-0.0003774750351737133,-0.6263483573152567,0.5310864746623398,0,2,2,0.5,1.0,0,1.0,0
you_chalk_brood,2,lgca_net,coatnet,229,0.995170587318897,0.994859012307213,0.0003115750116839955,0.21927140189221184,0.8264386378172365,5,0,5,0.0625,1.0,0,1.0,0
you_chalk_brood,0,lgca_net,conformer,429,0.9715502780965835,0.9788337600423767,-0.007283481945793202,-1.984013615972708,0.04725432205754132,10,7,17,0.629058837890625,1.0,0,1.0,0
you_chalk_brood,1,lgca_net,conformer,342,0.9915926014893104,0.9963281973851275,-0.0047355958958170685,-2.1453693165003425,0.03192333035289025,6,5,11,1.0,1.0,0,1.0,0
you_chalk_brood,2,lgca_net,conformer,229,0.995170587318897,0.9962610998597912,-0.0010905125408942062,-0.5895371816888975,0.5555009774771281,0,0,0,1.0,1.0,0,1.0,0
you_chalk_brood,0,lgca_net,crossvit,429,0.9715502780965835,0.9692990200406111,0.0022512580559723716,0.5444374378635767,0.58614048908937,6,6,12,1.0,1.0,0,1.0,0
you_chalk_brood,1,lgca_net,crossvit,342,0.9915926014893104,0.9924161833842353,-0.0008235818949249296,-1.083982141458022,0.27837271710635547,0,2,2,0.5,1.0,0,1.0,0
you_chalk_brood,2,lgca_net,crossvit,229,0.995170587318897,0.9931453497429505,0.0020252375759464147,0.9461475448638089,0.3440733364345795,3,0,3,0.25,1.0,0,1.0,0
you_chalk_brood,0,lgca_net,densenet121,429,0.9715502780965835,0.9857199611547629,-0.01416968305817945,-2.7071561258538868,0.0067862334585781,8,11,19,0.6476058959960938,0.4343189413489984,0,1.0,0
you_chalk_brood,1,lgca_net,densenet121,342,0.9915926014893104,0.9890189080676708,0.0025736934216396,0.5017852412521638,0.6158185958940545,7,6,13,1.0,1.0,0,1.0,0
you_chalk_brood,2,lgca_net,densenet121,229,0.995170587318897,0.9878485745443215,0.007322012774575448,0.8468894628070618,0.39705673630464244,4,2,6,0.6875,1.0,0,1.0,0
you_chalk_brood,0,lgca_net,efficientnetv2,429,0.9715502780965835,0.9844619051823078,-0.012911627085724353,-2.2989804726159937,0.021506048189197154,11,15,26,0.557197093963623,1.0,0,1.0,0
you_chalk_brood,1,lgca_net,efficientnetv2,342,0.9915926014893104,0.9951957722796059,-0.0036031707902954846,-1.6646514985862801,0.0959823046158833,3,4,7,1.0,1.0,0,1.0,0
you_chalk_brood,2,lgca_net,efficientnetv2,229,0.995170587318897,0.9907695902788596,0.00440099704003738,0.9484950728084394,0.3428774799780059,7,1,8,0.0703125,1.0,0,1.0,0
you_chalk_brood,0,lgca_net,lgca_net_cnn_only,429,0.9715502780965835,0.9703142932815398,0.0012359848150436115,0.28035294104949243,0.7792067374586502,1,2,3,1.0,1.0,0,1.0,0
you_chalk_brood,1,lgca_net,lgca_net_cnn_only,342,0.9915926014893104,0.9914896537524449,0.00010294773686547742,0.1699058568094096,0.8650841750275562,0,1,1,1.0,1.0,0,1.0,0
you_chalk_brood,2,lgca_net,lgca_net_cnn_only,229,0.995170587318897,0.9940021810250819,0.001168406293815094,0.7848174278701724,0.4325606204272259,1,0,1,1.0,1.0,0,1.0,0
you_chalk_brood,0,lgca_net,lgca_net_no_cross_attn,429,0.9715502780965835,0.9698949412907214,0.001655336805862051,0.6226840325132168,0.5334921776344975,2,1,3,1.0,1.0,0,1.0,0
you_chalk_brood,1,lgca_net,lgca_net_no_cross_attn,342,0.9915926014893104,0.9938231357880647,-0.0022305342987543053,-1.557792614001952,0.11928241744921528,0,1,1,1.0,1.0,0,1.0,0
you_chalk_brood,2,lgca_net,lgca_net_no_cross_attn,229,0.995170587318897,0.9942358622838448,0.0009347250350522085,0.8217187572958715,0.41123698115525764,0,0,0,1.0,1.0,0,1.0,0
you_chalk_brood,0,lgca_net,lsnet_t,429,0.9715502780965835,0.9886774962479032,-0.01712721815131979,-2.650170263214763,0.008045121566741675,2,13,15,0.00738525390625,0.49879753713798386,0,0.46527099609375,0
you_chalk_brood,1,lgca_net,lsnet_t,342,0.9915926014893104,0.9941319789986616,-0.0025393775093511817,-1.314960873157163,0.18852305259274116,3,4,7,1.0,1.0,0,1.0,0
you_chalk_brood,2,lgca_net,lsnet_t,229,0.995170587318897,0.9968063561302385,-0.0016357688113415314,-0.9111754229629607,0.3622029513764977,1,0,1,1.0,1.0,0,1.0,0
you_chalk_brood,0,lgca_net,mambavision,429,0.9715502780965835,0.9914584620817515,-0.019908183985168026,-3.485755461650959,0.0004907493952561996,10,22,32,0.050102459732443094,0.03238946008690917,1,1.0,0
you_chalk_brood,1,lgca_net,mambavision,342,0.9915926014893104,0.9955732473147798,-0.00398064582546942,-2.0790927038059115,0.037608830592380946,2,6,8,0.2890625,1.0,0,1.0,0
you_chalk_brood,2,lgca_net,mambavision,229,0.995170587318897,0.9959495248481072,-0.0007789375292102108,-0.40415105577009147,0.686101642666922,2,2,4,1.0,1.0,0,1.0,0
you_chalk_brood,0,lgca_net,nextvit_small,429,0.9715502780965835,0.9812836585150526,-0.009733380418469162,-2.5424621531932834,0.011007452142905487,1,5,6,0.21875,0.6714545807172347,0,1.0,0
you_chalk_brood,1,lgca_net,nextvit_small,342,0.9915926014893104,0.9747434885556432,0.0168491129336672,1.9121758245617322,0.05585364585289644,0,2,2,0.5,1.0,0,1.0,0
you_chalk_brood,2,lgca_net,nextvit_small,229,0.995170587318897,0.9916653684374512,0.0035052188814457264,1.1154216640422825,0.26466977019416393,3,0,3,0.25,1.0,0,1.0,0
you_chalk_brood,0,lgca_net,resnet50,429,0.9715502780965835,0.9883243577293195,-0.016774079632736028,-2.8455111678475484,0.00443402045952227,7,20,27,0.0191572904586792,0.2882113298689476,0,1.0,0
you_chalk_brood,1,lgca_net,resnet50,342,0.9915926014893104,0.989293435365979,0.0022991661233313643,0.4420470198520017,0.6584551812468105,2,4,6,0.6875,1.0,0,1.0,0
you_chalk_brood,2,lgca_net,resnet50,229,0.995170587318897,0.995482162330581,-0.0003115750116839955,-0.18729885729272736,0.8514263188818036,2,2,4,1.0,1.0,0,1.0,0
you_foulbrood,0,lgca_net,coatnet,297,0.991514598540146,0.999087591240876,-0.007572992700729975,-2.479737114379359,0.013147927876145769,2,15,17,0.002349853515625,0.5522129707981223,0,0.10809326171875,0
you_foulbrood,1,lgca_net,coatnet,260,0.9844700021976412,0.9945791517104975,-0.010109149512856241,-1.5902016296621173,0.11178936330156355,0,6,6,0.03125,1.0,0,1.0,0
you_foulbrood,2,lgca_net,coatnet,443,0.9100910793326523,0.9762406367041198,-0.06614955737146744,-4.852297900889298,1.2203912210271034e-06,3,47,50,3.708322537931963e-11,6.223995227238227e-05,1,2.2249935227591777e-09,1
you_foulbrood,0,lgca_net,conformer,297,0.991514598540146,0.9992244525547446,-0.007709854014598561,-2.528410088159284,0.011458043023535232,1,14,15,0.0009765625,0.492695850012015,0,0.0458984375,1
you_foulbrood,1,lgca_net,conformer,260,0.9844700021976412,0.9997802358801552,-0.01531023368251394,-1.5264503030264707,0.12689775816439058,1,7,8,0.0703125,1.0,0,1.0,0
you_foulbrood,2,lgca_net,conformer,443,0.9100910793326523,0.9834014300306434,-0.07331035069799108,-5.725884185578904,1.0289640212844117e-08,3,64,67,6.801200228001569e-16,5.762198519192706e-07,1,4.488792150481036e-14,1
you_foulbrood,0,lgca_net,crossvit,297,0.991514598540146,0.9950273722627737,-0.0035127737226277045,-1.1791388922475163,0.23834287407537091,3,10,13,0.09228515625,1.0,0,1.0,0
you_foulbrood,1,lgca_net,crossvit,260,0.9844700021976412,0.9749468903377042,0.009523111859937039,1.3595441339218137,0.17397422724630873,0,4,4,0.125,1.0,0,1.0,0
you_foulbrood,2,lgca_net,crossvit,443,0.9100910793326523,0.981145726932244,-0.07105464759959168,-5.712536800292031,1.1130433660381558e-08,3,62,65,2.4842324378160363e-15,6.121738513209857e-07,1,1.6147510845804236e-13,1
you_foulbrood,0,lgca_net,densenet121,297,0.991514598540146,0.9899635036496349,0.0015510948905110844,0.48386721458236703,0.6284801093552816,1,8,9,0.0390625,1.0,0,1.0,0
you_foulbrood,1,lgca_net,densenet121,260,0.9844700021976412,0.9998534905867701,-0.015383488389128841,-1.5342484993000771,0.12496853028029434,0,6,6,0.03125,1.0,0,1.0,0
you_foulbrood,2,lgca_net,densenet121,443,0.9100910793326523,0.9531409601634321,-0.04304988083077976,-2.5831372467702267,0.009790636622009378,3,60,63,9.048317650695026e-15,0.43078801136841266,0,5.790923296444817e-13,1
you_foulbrood,0,lgca_net,efficientnetv2,297,0.991514598540146,0.9920620437956204,-0.0005474452554743436,-0.1984377334331883,0.842702597380302,3,8,11,0.2265625,1.0,0,1.0,0
you_foulbrood,1,lgca_net,efficientnetv2,260,0.9844700021976412,0.9956047176031059,-0.011134715405464624,-1.4559318005111035,0.14541147365289128,2,4,6,0.6875,1.0,0,1.0,0
you_foulbrood,2,lgca_net,efficientnetv2,443,0.9100910793326523,0.9790709056860744,-0.06897982635342204,-5.6512326170311695,1.5930133738392178e-08,6,53,59,1.7539187463500028e-10,8.442970881347854e-07,1,1.0348120603465016e-08,1
you_foulbrood,0,lgca_net,lgca_net_cnn_only,297,0.991514598540146,0.9797445255474452,0.01177007299270083,1.7533136067795543,0.0795481911696131,20,9,29,0.06142834573984146,1.0,0,1.0,0
you_foulbrood,1,lgca_net,lgca_net_cnn_only,260,0.9844700021976412,0.961101750787488,0.023368251410153196,2.1224597271010044,0.033799151178166585,64,5,69,4.119230997967627e-14,1.0,0,2.5539232187399286e-12,1
you_foulbrood,2,lgca_net,lgca_net_cnn_only,443,0.9100910793326523,0.9282856656452162,-0.018194586312563876,-1.7540082028235089,0.07942910160552409,4,2,6,0.6875,1.0,0,1.0,0
you_foulbrood,0,lgca_net,lgca_net_no_cross_attn,297,0.991514598540146,0.9949361313868613,-0.003421532846715314,-1.3106922905330374,0.18996174437142632,6,10,16,0.454498291015625,1.0,0,1.0,0
you_foulbrood,1,lgca_net,lgca_net_no_cross_attn,260,0.9844700021976412,0.98534905867702,-0.0008790564793788036,-0.896085914169813,0.3702068794849218,0,4,4,0.125,1.0,0,1.0,0
you_foulbrood,2,lgca_net,lgca_net_no_cross_attn,443,0.9100910793326523,0.9396280217909431,-0.02953694245829075,-3.7940134340428218,0.00014823164858088846,3,2,5,1.0,0.007263350780463534,1,1.0,0
you_foulbrood,0,lgca_net,lsnet_t,297,0.991514598540146,0.9929288321167883,-0.0014142335766422764,-0.4987662548031506,0.6179440630424451,3,8,11,0.2265625,1.0,0,1.0,0
you_foulbrood,1,lgca_net,lsnet_t,260,0.9844700021976412,0.9983151417478574,-0.013845139550216157,-1.5399940703176,0.12356179882039582,1,5,6,0.21875,1.0,0,1.0,0
you_foulbrood,2,lgca_net,lsnet_t,443,0.9100910793326523,0.9626532175689478,-0.05256213823629552,-3.683654874284433,0.00022991348484522223,7,50,57,4.2367098440632126e-09,0.011035847272570667,1,2.414924611116031e-07,1
you_foulbrood,0,lgca_net,mambavision,297,0.991514598540146,0.9937043795620436,-0.0021897810218975966,-0.8767353196138133,0.3806304179086887,0,8,8,0.0078125,1.0,0,0.3515625,0
you_foulbrood,1,lgca_net,mambavision,260,0.9844700021976412,0.9976558493883233,-0.013185847190682054,-1.4421812350692091,0.149251252841133,2,6,8,0.2890625,1.0,0,1.0,0
you_foulbrood,2,lgca_net,mambavision,443,0.9100910793326523,0.9810818862785157,-0.07099080694586335,-5.134226395345411,2.8330690349286195e-07,3,60,63,9.048317650695026e-15,1.4731958981628821e-05,1,5.790923296444817e-13,1
you_foulbrood,0,lgca_net,nextvit_small,297,0.991514598540146,0.9906021897810219,0.0009124087591241281,0.2549235685074272,0.7987821324732427,7,9,16,0.803619384765625,1.0,0,1.0,0
you_foulbrood,1,lgca_net,nextvit_small,260,0.9844700021976412,0.9997802358801552,-0.01531023368251394,-1.5127631449825223,0.13033983352817366,4,8,12,0.3876953125,1.0,0,1.0,0
you_foulbrood,2,lgca_net,nextvit_small,443,0.9100910793326523,0.9651642832822608,-0.05507320394960846,-3.826309654451344,0.00013007864554390094,8,57,65,3.163243188436873e-10,0.006503932277195047,1,1.8346810492933862e-08,1
you_foulbrood,0,lgca_net,resnet50,297,0.991514598540146,0.9772810218978102,0.014233576642335821,1.3836492505949833,0.1664658800018931,1,8,9,0.0390625,1.0,0,1.0,0
you_foulbrood,1,lgca_net,resnet50,260,0.9844700021976412,0.9989744341073915,-0.01450443190975026,-1.452513708596973,0.14635882026283917,7,8,15,1.0,1.0,0,1.0,0
you_foulbrood,2,lgca_net,resnet50,443,0.9100910793326523,0.9811670071501534,-0.07107592781750105,-5.7032568320920305,1.1753967405758148e-08,7,61,68,7.387402755493211e-12,6.3471423991094e-07,1,4.5063156808508587e-10,1
